;;numeros
;;838000047
;;838000271
;;838000284
;;900394212
;;838000284
;;838000337
;;838000284
;;900394212
;;838000271
;;900394212
;;811006541
;;811031799
;;811015434
;;900116600
;;811039075
;;811025632
;;811020918
;;811015695
;;890981421
;;811017403
;;811017248
;;811018517
;;811023555
;;811024125
;;811023552
;;811023548
;;811023548
;;811023548
;;811023506
;;811027260
;;811016981
;;811024034
;;811030333
;;811027476
;;811032888
;;811031322
;;811030208
;;811030527
;;900044489
;;811015994
;;811018924
;;811018924
;;811018924
;;811018924
;;811020303
;;901405850
;;811020267
;;811042159
;;811043911
;;811029924
;;901119209
;;811019146
;;811029810
;;811019146
;;811019240
;;900075788
;;811031264
;;811019240
;;811024225
;;900122990
;;811022581
;;811036221
;;811042232
;;811033447
;;900014445
;;901375255
;;811020185
;;811033904
;;811037976
;;811041972
;;811034087
;;811042175
;;811042175
;;811017355
;;811045602
;;811029902
;;811019620
;;811027844
;;811027844
;;811019307
;;901400572
;;811019307
;;900208313
;;811024789
;;811037878
;;811024788
;;811027246
;;811027245
;;811018144
;;811018144
;;811019145
;;811020355
;;811043518
;;811043531
;;811043521
;;811043519
;;811043516
;;811043520
;;811043517
;;811043530
;;900000159
;;901042939
;;890983775
;;811018538
;;811019140
;;811011585
;;811015341
;;811018401
;;811019998
;;811011120
;;811017771
;;811019365
;;900976984
;;811019904
;;811040003
;;811033295
;;900304471
;;811043962
;;811041515
;;900201177
;;811018590
;;811035077
;;811019109
;;811043773
;;811043774
;;811019109
;;811019098
;;811019113
;;811019101
;;811019113
;;890981140
;;811018197
;;811018194
;;900435634
;;811040052
;;811018196
;;811029382
;;811022811
;;811037461
;;811018448
;;811019990
;;811039392
;;811020950
;;811018450
;;900153710
;;811040261
;;900153718
;;811042543
;;811028662
;;900153719
;;900153719
;;900153732
;;900153696
;;800214053
;;811041245
;;811045872
;;811025423
;;811042091
;;811044218
;;811018246
;;900093548
;;890909276
;;811025436
;;900284926
;;811040746
;;811018082
;;811018231
;;811018082
;;811018231
;;811020919
;;811023023
;;901369121
;;811023023
;;811023023
;;901369121
;;811018648
;;890980337
;;811017044
;;811037473
;;811018659
;;811017112
;;811024047
;;811018660
;;900110509
;;811040297
;;900003108
;;901145070
;;811032999
;;900082553
;;811040297
;;811039245
;;811024458
;;811024857
;;811039245
;;811039962
;;811017816
;;811016123
;;811040660
;;811039820
;;811041198
;;811024278
;;811032550
;;811020646
;;811024278
;;811023259
;;811044496
;;901372355
;;811040391
;;890980821
;;811043769
;;811030580
;;900025802
;;811030352
;;811026102
;;811029719
;;811025410
;;811025326
;;811029325
;;811028697
;;811028697
;;901391390
;;901391390
;;811043912
;;900085481
;;811040029
;;811030968
;;811031394
;;811040031
;;811031645
;;811031008
;;811043051
;;811043057
;;811043051
;;811018224
;;811018224
;;811018224
;;811019849
;;811018354
;;890980790
;;811040164
;;811025102
;;900314821
;;900291159
;;811039826
;;811021321
;;811013520
;;811019775
;;811027473
;;811044131
;;811029166
;;811028892
;;901362898
;;811028891
;;811029037
;;811029166
;;811037667
;;811037667
;;900164111
;;811027474
;;811031219
;;890981143
;;900082675
;;811019686
;;811021477
;;811017251
;;811039784
;;811029632
;;811019685
;;811022180
;;811019688
;;811039787
;;900029190
;;811039759
;;811017464
;;811017464
;;811039759
;;811042039
;;811018982
;;811021069
;;811043391
;;811019010
;;900237804
;;811017650
;;811041012
;;811013764
;;811022122
;;811039783
;;811028473
;;900191602
;;901376738
;;811020058
;;811020058
;;811020186
;;811020186
;;811020186
;;900110759
;;900144490
;;900110759
;;811016276
;;811016276
;;811016276
;;811015262
;;811018449
;;900200114
;;901255185
;;900176969
;;900175006
;;811030635
;;811040631
;;811040631
;;900070262
;;811043627
;;811027584
;;811027582
;;811030635
;;811045841
;;900038410
;;811027582
;;811043626
;;811027023
;;811044996
;;900348671
;;811023173
;;811043626
;;811042197
;;811021032
;;811021953
;;811027724
;;811021952
;;811028018
;;900171795
;;811020168
;;811020198
;;811020200
;;811020408
;;811017439
;;811017439
;;811020022
;;811017963
;;811017958
;;811031583
;;811017962
;;811017963
;;811027853
;;811027853
;;811027851
;;811027850
;;811027848
;;811027852
;;811042025
;;811025208
;;811043628
;;811042024
;;811018430
;;811040135
;;811018760
;;811040135
;;811039223
;;900307264
;;811039223
;;811020306
;;811020376
;;900293751
;;901395235
;;811038689
;;900387884
;;811024186
;;900059240
;;900067069
;;900016841
;;811021148
;;811021148
;;811039005
;;811039005
;;811039368
;;900077607
;;811018834
;;811044216
;;811029788
;;841000421
;;811046525
;;811035358
;;811044216
;;900377318
;;811044216
;;811040524
;;811038195
;;900221162
;;900150949
;;811040781
;;900306114
;;811019276
;;811040864
;;811040781
;;811027192
;;811022363
;;811022204
;;811022204
;;900193232
;;900248364
;;811022204
;;900255337
;;900249323
;;900254314
;;900177557
;;811021218
;;811021218
;;811021218
;;811018008
;;811018013
;;811018113
;;811040473
;;811020095
;;811040503
;;811021722
;;811022819
;;811020924
;;811020923
;;811021722
;;811018979
;;811018403
;;811039294
;;811019336
;;811022436
;;900371924
;;811019589
;;811019614
;;811043036
;;900157078
;;811043759
;;811020775
;;811019453
;;811039794
;;811019327
;;811031275
;;811018148
;;811038161
;;811042111
;;890980345
;;811020169
;;811020169
;;811020448
;;811027314
;;811042215
;;811027700
;;890981135
;;811021773
;;811024768
;;811029104
;;890981146
;;811027849
;;811034342
;;811019977
;;811040340
;;811040340
;;811025153
;;890982062
;;811026727
;;811030937
;;811018457
;;811032576
;;811018556
;;811018762
;;811032596
;;811019314
;;811018909
;;811018909
;;811032334
;;811032334
;;900001845
;;811019372
;;901377330
;;900049340
;;900049340
;;811031686
;;811030949
;;811030253
;;900365036
;;811030949
;;811032366
;;901381395
;;811017032
;;811038682
;;901369144
;;811033424
;;811022829
;;811021124
;;811019578
;;811020009
;;811019585
;;811019964
;;811020162
;;811021683
;;900033697
;;811020162
;;811020495
;;811020471
;;811044055
;;811044055
;;811017635
;;811029017
;;811022037
;;811018780
;;811017446
;;811019131
;;811019740
;;811033398
;;811044167
;;811044086
;;811022576
;;811022576
;;900340013
;;900023870
;;811019937
;;900023870
;;811032286
;;900157308
;;811029267
;;811025525
;;811024235
;;900156314
;;811024653
;;811025024
;;900050429
;;811025024
;;834000166
;;800062427
;;834000185
;;834000690
;;892000718
;;892000705
;;800104342
;;809010642
;;900444279
;;834000699
;;834001394
;;834001853
;;834001593
;;901001855
;;800170889
;;834001030
;;834000806
;;834001342
;;901001855
;;900035524
;;834000850
;;900030845
;;901126775
;;834001788
;;901184420
;;834001412
;;901117984
;;834001373
;;834000055
;;834001593
;;834000110
;;900370149
;;900077410
;;900436367
;;900370139
;;834001419
;;834001765
;;834000196
;;800222387
;;800153666
;;890504393
;;800207612
;;901024412
;;901024412
;;901027633
;;834001738
;;901024412
;;901027633
;;800162681
;;834000890
;;834001419
;;900089839
;;834000112
;;800234047
;;834000531
;;834000112
;;834001254
;;900019279
;;834000905
;;834000848
;;834001067
;;900005192
;;834001254
;;800249645
;;900155137
;;800103670
;;802003855
;;890103999
;;802004745
;;802006583
;;802016204
;;802012727
;;900077985
;;900074986
;;802006892
;;890103024
;;802007474
;;802011527
;;802017032
;;900077728
;;900615806
;;802002771
;;802007601
;;901049832
;;900858960
;;900600156
;;900708167
;;900727810
;;890105167
;;802009214
;;802012581
;;802009383
;;802016852
;;802015935
;;900004848
;;900031895
;;802020459
;;802011580
;;802018644
;;890103839
;;890103745
;;900678838
;;800228133
;;890105087
;;890108028
;;900077646
;;890103991
;;802010660
;;800102844
;;802009160
;;802020518
;;802009324
;;802002264
;;802007712
;;802006845
;;890103032
;;802004637
;;900594770
;;802007050
;;802007332
;;890103022
;;802007331
;;802007592
;;802009991
;;890103863
;;802006935
;;802000557
;;890107177
;;802003115
;;802004498
;;802005796
;;802024318
;;802014518
;;802014604
;;900719842
;;802003099
;;802007373
;;900605635
;;900597297
;;802006642
;;900078124
;;890103036
;;802007074
;;802008139
;;802002627
;;802007353
;;802007352
;;900069285
;;802008147
;;806013211
;;900233450
;;806014039
;;806013949
;;806013958
;;806014130
;;806013350
;;806014233
;;806013349
;;806013348
;;806013889
;;806013477
;;901132841
;;806013213
;;806013218
;;806012277
;;806013649
;;806003037
;;806003761
;;806013219
;;806013262
;;806013548
;;806013256
;;806013950
;;806013717
;;806013319
;;806013798
;;900244050
;;806013523
;;900233966
;;806013547
;;806013890
;;806013852
;;900420833
;;806013492
;;806004077
;;806013525
;;806013493
;;806013526
;;900107192
;;829003718
;;829001172
;;806013702
;;806014561
;;806013258
;;900611733
;;806013431
;;800156270
;;806013253
;;806014883
;;806013250
;;900712748
;;806013443
;;806013191
;;806013356
;;806013641
;;806013851
;;806013260
;;806003694
;;806003976
;;890480907
;;806014225
;;806014051
;;806013442
;;900260776
;;900755118
;;900222065
;;900164968
;;900222051
;;901257063
;;806011570
;;900802911
;;806013496
;;806013198
;;806013576
;;806014352
;;806013575
;;806013261
;;806013479
;;900648405
;;806013772
;;900625419
;;806013357
;;900590329
;;806013391
;;800187586
;;806013430
;;806013572
;;806013241
;;806014388
;;806013200
;;806013375
;;806013255
;;806013888
;;806013543
;;806013495
;;806013374
;;806013571
;;806005929
;;806013447
;;806013392
;;806009071
;;900481273
;;806013252
;;806016958
;;806007213
;;806013640
;;806011709
;;900001513
;;806011560
;;806004917
;;806013705
;;901342502
;;806014353
;;806014208
;;806013210
;;806013491
;;806013880
;;806013237
;;829003420
;;829001286
;;829003128
;;829003641
;;829002862
;;829002678
;;806014845
;;900002680
;;806013217
;;806014548
;;900466745
;;806013344
;;806013463
;;806002009
;;806013254
;;900016458
;;806013394
;;806016708
;;806013440
;;806013549
;;900734927
;;806013197
;;806013343
;;806013189
;;806013180
;;806013522
;;806012518
;;806013257
;;806014296
;;890480393
;;806014503
;;900018923
;;900231145
;;806012873
;;806013216
;;806013215
;;806013259
;;806014848
;;806012214
;;806013316
;;806014555
;;806013578
;;806013346
;;806012943
;;900591644
;;806013395
;;806012997
;;806013114
;;806013691
;;829000864
;;829003637
;;829003655
;;829003566
;;806013264
;;900059468
;;806013473
;;806013387
;;806013321
;;806014736
;;806003835
;;806003833
;;829003431
;;829003881
;;829003665
;;829003462
;;829003654
;;829003432
;;829003630
;;829003500
;;829003464
;;829003487
;;829004123
;;829003472
;;829003479
;;829003501
;;829003851
;;800160531
;;806013478
;;806013490
;;806013386
;;900230843
;;806013489
;;806014617
;;901062950
;;900482838
;;806012897
;;806013359
;;806015355
;;806013358
;;806013524
;;806013403
;;806013550
;;806013832
;;806013822
;;806013361
;;806013199
;;806013899
;;800080860
;;806013393
;;806013324
;;806014999
;;806013623
;;806013247
;;806003725
;;900081460
;;806006164
;;800058059
;;891855134
;;900314002
;;826002400
;;826000437
;;800067233
;;800100695
;;891856312
;;800126528
;;826003247
;;800107833
;;891365819
;;891801582
;;891855520
;;891801979
;;900019602
;;820001699
;;800087709
;;900262284
;;826003955
;;800190451
;;820002344
;;900011804
;;800249216
;;800157051
;;900127875
;;800033773
;;891800679
;;899999078
;;891800678
;;800138564
;;900135723
;;820003314
;;820001751
;;800168166
;;800158873
;;900203346
;;900176401
;;900203323
;;800175974
;;800184899
;;900201998
;;900269131
;;800002275
;;800120207
;;800012623
;;800134486
;;900241537
;;800166777
;;820000791
;;820000765
;;891801269
;;900311418
;;800201142
;;800138495
;;901560377
;;826002541
;;891801203
;;900090571
;;800209674
;;891801487
;;900098685
;;800153923
;;900176411
;;891885135
;;826000820
;;800103187
;;900139145
;;800040030
;;800113200
;;900005145
;;800028089
;;800024418
;;800231374
;;800191549
;;800216270
;;900210569
;;820001086
;;826000438
;;891857890
;;800125306
;;800033424
;;800056581
;;800126345
;;800053449
;;800124701
;;826000469
;;800032152
;;900015025
;;900031870
;;800086966
;;891800930
;;820004854
;;891855842
;;900240003
;;891855043
;;891855272
;;891800615
;;820002364
;;820001834
;;820002314
;;900065876
;;820001976
;;820004770
;;800097038
;;820001344
;;900000634
;;800119137
;;900000905
;;891855501
;;826001167
;;800036089
;;820001558
;;820000104
;;800079137
;;900088269
;;900318246
;;800193780
;;800063281
;;891855511
;;800191483
;;826001082
;;800254327
;;800236984
;;800223431
;;800198089
;;891856191
;;826002642
;;800124197
;;800215973
;;900301528
;;826000978
;;900198912
;;800090043
;;800028107
;;900298790
;;900303913
;;900131758
;;800168836
;;820001177
;;820001156
;;820001154
;;820001724
;;820001556
;;820002179
;;820003332
;;820001657
;;800046802
;;820001917
;;820001168
;;820002061
;;891800467
;;900131302
;;900082324
;;820001451
;;820004321
;;900041018
;;800108492
;;800214404
;;820001964
;;820002027
;;820000934
;;820001967
;;891800694
;;900005436
;;891800754
;;820002493
;;820002203
;;800104054
;;891801221
;;900154368
;;800200665
;;820002686
;;900027315
;;800228968
;;826001334
;;900225989
;;820001274
;;900209540
;;820004438
;;820001663
;;820002210
;;800024832
;;891855145
;;826001062
;;826001075
;;891800577
;;800171628
;;800110400
;;900277991
;;826002152
;;800106115
;;900118692
;;900046986
;;891855514
;;826001266
;;800214600
;;826001215
;;900241589
;;900241534
;;800226044
;;826003990
;;800180328
;;800127397
;;800120171
;;800011665
;;800022838
;;820002503
;;891863547
;;900253334
;;800018755
;;900075954
;;800046008
;;891855523
;;826001131
;;800192126
;;800128054
;;900136822
;;900138341
;;826001350
;;800095074
;;891857815
;;820001943
;;800102458
;;800091749
;;900205732
;;800104784
;;891801873
;;891855994
;;826001967
;;891856614
;;800116939
;;800218535
;;800030633
;;900149845
;;800022360
;;900205796
;;820000416
;;891802030
;;891857862
;;800171206
;;800136683
;;820001312
;;820002465
;;820002464
;;800044998
;;820001509
;;900070966
;;800118518
;;800072525
;;891800440
;;900025183
;;800197409
;;891800907
;;891801124
;;890803030
;;890802698
;;800242668
;;810000561
;;810006027
;;810005241
;;810006028
;;810005240
;;800038435
;;890805687
;;890804669
;;890802641
;;890803662
;;810005706
;;810001236
;;810002655
;;810002628
;;810005729
;;810005988
;;800229403
;;890805852
;;890805811
;;810002453
;;800209947
;;800086822
;;810002560
;;810002706
;;810001036
;;890806680
;;890806512
;;800148828
;;800226024
;;810006089
;;800127067
;;800125932
;;800011342
;;810002088
;;810001886
;;810001422
;;810001971
;;800125310
;;800222939
;;800078387
;;810002138
;;810002142
;;810001604
;;800033303
;;800177862
;;810002635
;;810003255
;;890806026
;;890801650
;;900052877
;;810006049
;;800004569
;;810006039
;;800212784
;;810000214
;;810003197
;;810001733
;;810006015
;;810004883
;;800184540
;;800035061
;;810003430
;;810005350
;;810003436
;;800010818
;;800162665
;;810001864
;;890802208
;;890807974
;;810002926
;;810001369
;;800171983
;;810001682
;;800029389
;;810001317
;;800211483
;;810006315
;;890802072
;;890801698
;;810001508
;;810005268
;;800226117
;;800226033
;;810003714
;;800175673
;;800218994
;;810000855
;;810006480
;;800004328
;;800254978
;;810000966
;;810006138
;;810006081
;;800034237
;;800153301
;;810001347
;;810006121
;;810001565
;;810000880
;;890802522
;;810001277
;;800146455
;;810006105
;;810006111
;;810006102
;;810006140
;;810006071
;;810005846
;;810005244
;;810001723
;;800004589
;;810006109
;;810005243
;;810000192
;;810006148
;;800219607
;;810006146
;;810001946
;;810002978
;;810002307
;;810005830
;;810005772
;;890802537
;;810002750
;;810001089
;;800239730
;;800189354
;;810003486
;;810001642
;;810001948
;;810006169
;;800179451
;;800247916
;;810002512
;;810001502
;;800176393
;;810005256
;;810001288
;;800163940
;;800054276
;;800174730
;;800176403
;;800175112
;;800226536
;;810006185
;;810004027
;;890804617
;;800172872
;;810001204
;;890801965
;;900137553
;;810001933
;;800209945
;;810001721
;;800024433
;;800175385
;;800182319
;;890806464
;;800121084
;;828001336
;;900896729
;;900035656
;;800103781
;;800122064
;;900896729
;;900020626
;;800045957
;;900014185
;;900002920
;;800143503
;;828000128
;;900049073
;;828002751
;;828002716
;;900216627
;;900216737
;;900005971
;;900212225
;;900046085
;;828002671
;;900045175
;;900005010
;;900003118
;;828002757
;;828002480
;;900000857
;;828002694
;;900002598
;;828002512
;;800029061
;;828000349
;;828000305
;;900017136
;;900005233
;;900000747
;;800147833
;;828002505
;;900000524
;;891190308
;;828002458
;;900207921
;;900006880
;;900000730
;;828002668
;;900014172
;;891190450
;;900216789
;;900000720
;;900250094
;;828000399
;;900256345
;;828002513
;;900201721
;;900151026
;;900255240
;;900041862
;;800233588
;;900163519
;;900066264
;;900001056
;;828002678
;;891190023
;;828002740
;;900002280
;;900000818
;;900001640
;;800107280
;;800039781
;;828002685
;;828002684
;;891190342
;;891190454
;;900248029
;;900185623
;;900000909
;;900000717
;;900113278
;;900040946
;;900045755
;;900001714
;;900045559
;;800137056
;;828002835
;;828001064
;;900218599
;;900014413
;;800103774
;;828002703
;;828002506
;;900896729
;;900002484
;;828000197
;;800059037
;;828000062
;;900017517
;;891190021
;;900218102
;;900217243
;;900049438
;;828002517
;;900054002
;;900001185
;;900249682
;;828000407
;;900048964
;;900000380
;;900208285
;;900216754
;;900304063
;;900221763
;;900223827
;;900736711
;;900174449
;;901347981
;;828000223
;;900047483
;;900002352
;;900049319
;;900044772
;;828002832
;;828002547
;;900017050
;;828000177
;;900896729
;;900159118
;;900227943
;;900000659
;;900221444
;;828000353
;;828002508
;;900155525
;;900003259
;;901305102
;;900896729
;;900002407
;;900002420
;;891190022
;;900227937
;;891190411
;;900001452
;;828002674
;;900149112
;;900001431
;;828002677
;;900002745
;;800050998
;;844001974
;;844001559
;;844000881
;;844003496
;;844000328
;;844000381
;;844004510
;;844000325
;;844003507
;;844002424
;;844003840
;;844004509
;;844004443
;;844004440
;;844004490
;;844004510
;;844004470
;;844004442
;;844003623
;;900603441
;;844002253
;;900851512
;;844004244
;;900148691
;;844000083
;;800192608
;;844002408
;;844004594
;;900274569
;;844003463
;;844002343
;;844004400
;;844001675
;;844003717
;;844001381
;;891855609
;;844001396
;;844004450
;;844001370
;;900816337
;;844001484
;;844001419
;;844001135
;;844000194
;;844002670
;;844002174
;;844000631
;;800101019
;;844000177
;;844003527
;;844002430
;;844002620
;;844001050
;;900140881
;;832000634
;;900256963
;;844002735
;;844002722
;;844002989
;;844000100
;;844003001
;;844004354
;;844004735
;;844001576
;;844002385
;;832000069
;;844003538
;;844001493
;;891500855
;;817002839
;;900001535
;;900001535
;;900001535
;;817006069
;;817006066
;;900001535
;;817006060
;;800255089
;;900000941
;;800255089
;;817005605
;;817004493
;;817005528
;;817005605
;;817005605
;;900132652
;;817005605
;;900478858
;;817005605
;;817005528
;;900478858
;;817004493
;;817005605
;;817000937
;;900257478
;;817000937
;;817000937
;;817000937
;;817000937
;;900257478
;;817000937
;;817002334
;;817002334
;;891501092
;;891501590
;;800092983
;;817001179
;;817003845
;;891501092
;;891501092
;;891501590
;;900001324
;;817001179
;;891501092
;;891501590
;;817006113
;;817003845
;;817001179
;;900001097
;;817007553
;;817007553
;;900001324
;;800197308
;;800197308
;;800197308
;;800078161
;;800077656
;;817001179
;;817003845
;;817006790
;;800016286
;;800016286
;;817002249
;;817002249
;;817003572
;;900001483
;;817003572
;;817002249
;;817003572
;;817005250
;;817003487
;;817003487
;;800249671
;;817002249
;;817005250
;;817003487
;;900001483
;;900106285
;;900001483
;;891501605
;;900003720
;;800192420
;;800249723
;;900000887
;;900354862
;;891501605
;;800249723
;;800249723
;;817005525
;;900358721
;;900146337
;;900000887
;;900146083
;;800192420
;;800249723
;;800249723
;;800249723
;;817005504
;;900000887
;;900001912
;;900145896
;;900256010
;;891501605
;;800249723
;;900003720
;;817005542
;;891500960
;;800192420
;;817006536
;;900247371
;;817006629
;;817006629
;;817006629
;;891501591
;;817001477
;;891501720
;;817000340
;;900202388
;;817004849
;;817004272
;;817005066
;;900349236
;;817002648
;;817004849
;;900202388
;;900004891
;;817004272
;;900202388
;;800233785
;;800017806
;;891501276
;;900002661
;;800233785
;;817006134
;;891501571
;;817002071
;;817002107
;;800028435
;;900354557
;;817002450
;;900354557
;;817006163
;;817000022
;;817005076
;;817006859
;;817006705
;;900154665
;;817002347
;;817006705
;;817004647
;;817002347
;;817002450
;;817006705
;;817002071
;;817006110
;;817000022
;;817005367
;;817002107
;;817006705
;;817005400
;;817000022
;;817005400
;;817005367
;;817004647
;;900004047
;;900326692
;;817002113
;;817002113
;;900006069
;;817002113
;;900005904
;;900000258
;;817002535
;;900269176
;;891501567
;;817000506
;;817005831
;;817007407
;;817007407
;;817005831
;;817007407
;;817005831
;;900273082
;;817006804
;;817007407
;;817005937
;;817007407
;;900888163
;;817000506
;;817005940
;;817005831
;;817006845
;;817005969
;;817005937
;;800077565
;;900233030
;;817000348
;;900274149
;;900033944
;;900233030
;;800077565
;;817000348
;;817000400
;;891501326
;;817005968
;;900218209
;;800062602
;;817000664
;;900218209
;;817005968
;;817001487
;;900246579
;;800080423
;;817005536
;;800080423
;;800080423
;;900235045
;;817005536
;;900002581
;;817000291
;;817000291
;;817005620
;;817000291
;;900339320
;;817000291
;;817005620
;;817000291
;;817000291
;;900113511
;;817005620
;;817004382
;;817005789
;;817006672
;;817005478
;;817004899
;;891501610
;;900001090
;;817005478
;;817006296
;;817003548
;;817006851
;;800184366
;;817007680
;;817004357
;;817005831
;;817004357
;;817007610
;;817004357
;;817006851
;;817004357
;;891501781
;;900009595
;;817003309
;;817005570
;;800248706
;;900009595
;;891501781
;;817005570
;;800248706
;;817002824
;;800101222
;;817000642
;;817000642
;;891501593
;;800055469
;;817003352
;;817005597
;;800030000
;;900004047
;;900003853
;;800030000
;;817005568
;;800030000
;;817001159
;;800030000
;;817005542
;;817005830
;;900004047
;;817005542
;;817001159
;;817005568
;;891500960
;;817005542
;;891501608
;;891501608
;;891501608
;;817001720
;;891501608
;;891500868
;;817005667
;;900004188
;;900001719
;;900001719
;;900001719
;;900001719
;;900239747
;;817000449
;;817005619
;;900001719
;;900147576
;;817002267
;;891500868
;;891500868
;;900266120
;;900266120
;;817007593
;;891501479
;;900001719
;;891500868
;;817005619
;;891502408
;;800125212
;;817002266
;;900217627
;;800192426
;;800249126
;;900274428
;;800125212
;;900274428
;;800124332
;;800250102
;;800192426
;;817003943
;;900000732
;;817007681
;;817007681
;;817007681
;;817007681
;;817007681
;;817007681
;;817002669
;;900001844
;;817001810
;;817002484
;;891500944
;;891500960
;;900001844
;;817003903
;;900001844
;;900001844
;;900158287
;;817002484
;;900001844
;;817002484
;;891500816
;;900153054
;;817003903
;;891500816
;;817005342
;;817003903
;;817003946
;;817002012
;;891501677
;;891500832
;;817001852
;;817001864
;;817003472
;;891501677
;;817002012
;;817002012
;;817002012
;;900021519
;;817006657
;;817006657
;;817006657
;;800174012
;;891501282
;;817006657
;;800174012
;;891500824
;;891501282
;;800174012
;;891501282
;;900021519
;;817001831
;;817002077
;;817006320
;;900357633
;;817005986
;;900132278
;;900128680
;;817001831
;;800226793
;;817005288
;;800226793
;;900002488
;;800226793
;;817005288
;;817005351
;;891501611
;;891501611
;;817002769
;;891501611
;;817002769
;;817002769
;;817002769
;;817002673
;;817002673
;;891500908
;;891500839
;;900337274
;;891501615
;;817000949
;;817000943
;;900001506
;;900002357
;;900265595
;;817000949
;;900009251
;;900007961
;;817006697
;;891501615
;;817000566
;;900265595
;;817005615
;;817004849
;;817005987
;;891501615
;;800197735
;;891501236
;;900004089
;;817004885
;;817004849
;;817004849
;;800030455
;;800036711
;;891500963
;;891500960
;;817001154
;;817006923
;;817005574
;;900002295
;;900001116
;;817005574
;;891500960
;;817005574
;;891500960
;;817001154
;;800066823
;;817001154
;;817000164
;;817005542
;;900266333
;;817003178
;;817006642
;;817003838
;;817002241
;;900135035
;;800196830
;;800236153
;;817006629
;;900014871
;;900064042
;;817000360
;;900243250
;;817006302
;;800184366
;;800184366
;;900241285
;;817000360
;;900003998
;;900003998
;;817000052
;;817000052
;;817000052
;;817000052
;;800094508
;;900101923
;;800248703
;;800094508
;;817006271
;;800248703
;;800248703
;;900254815
;;800248703
;;800248703
;;800248703
;;800248703
;;800248703
;;891500765
;;900053723
;;800094508
;;800182081
;;817005969
;;817003139
;;817003139
;;817006936
;;817005831
;;817006849
;;817005969
;;817006849
;;900001110
;;900001006
;;817006936
;;817002181
;;817000956
;;817002181
;;817000956
;;800250100
;;817000956
;;800250100
;;817000956
;;817000956
;;800250100
;;817000956
;;800250100
;;800250100
;;817000956
;;817000956
;;800250100
;;800250100
;;817000956
;;800250100
;;891501582
;;900046341
;;817005342
;;817007482
;;900263883
;;900001912
;;800002159
;;891501582
;;817007712
;;800002159
;;900046341
;;817002798
;;817007678
;;900269425
;;817005534
;;817005534
;;817000594
;;817004168
;;892300110
;;892300680
;;824001718
;;824001698
;;824001726
;;824004255
;;800153854
;;800236988
;;824006062
;;900164764
;;900501044
;;824003806
;;824006075
;;824001469
;;892300220
;;824001063
;;800230542
;;824006131
;;824006115
;;800188954
;;900373378
;;900011459
;;900031784
;;824000502
;;824006658
;;824006655
;;824006657
;;900481228
;;824000873
;;824006733
;;800180709
;;824006035
;;900153184
;;900253925
;;900034725
;;900034431
;;900033454
;;800178943
;;824006031
;;824001510
;;900605447
;;824001720
;;824001799
;;800097029
;;892300668
;;824006338
;;824006662
;;900035792
;;900006073
;;824006128
;;824006129
;;824006775
;;824006124
;;824006212
;;824002267
;;824002694
;;824000517
;;892300650
;;824001594
;;824002978
;;824002288
;;824006771
;;824000557
;;892300282
;;824001728
;;824001771
;;824004022
;;900025803
;;900001010
;;892301119
;;824001925
;;800060244
;;824001592
;;824002790
;;824001444
;;824003827
;;824002328
;;900032013
;;824003171
;;824006727
;;824002309
;;900632248
;;824000437
;;800070251
;;900017085
;;900040600
;;892300619
;;900007052
;;824006055
;;800104221
;;824006056
;;824003227
;;824001868
;;824001509
;;824000431
;;824001632
;;900085856
;;824002337
;;800172758
;;800132116
;;824001542
;;900000881
;;900001029
;;900005172
;;900001464
;;800234876
;;892300265
;;892300325
;;900001338
;;824002170
;;892300577
;;900005023
;;900001322
;;824000948
;;900069399
;;824006070
;;824006153
;;900939451
;;824001999
;;824001410
;;900052183
;;900297945
;;900036634
;;900039398
;;900047156
;;900038100
;;901234274
;;800036448
;;892300303
;;892300302
;;824005915
;;900312737
;;824005913
;;824005914
;;824005916
;;900312682
;;892301735
;;824001986
;;900003295
;;900003362
;;900003424
;;800054272
;;824001374
;;824006669
;;824001582
;;800185161
;;900926358
;;824003222
;;900087474
;;900087223
;;824001878
;;800251728
;;800175668
;;824000475
;;824006773
;;824001611
;;824006772
;;824003247
;;891680121
;;900389575
;;900263298
;;900394086
;;901447397
;;800149971
;;901188348
;;900269153
;;818002148
;;901188600
;;901188298
;;901188309
;;901188309
;;901188600
;;901170888
;;901188987
;;900079761
;;901188600
;;901188309
;;901170888
;;900179301
;;900154059
;;900171308
;;900069490
;;901447397
;;901447397
;;901447397
;;901447397
;;901447397
;;900323183
;;901447397
;;818001571
;;891600108
;;900237149
;;900210654
;;901170888
;;901447397
;;900134794
;;901188309
;;900106272
;;900175348
;;900278521
;;900274541
;;901188534
;;901188534
;;900272754
;;900169290
;;901447397
;;901170888
;;900272571
;;901447397
;;900164218
;;900149920
;;901188987
;;901447397
;;901188600
;;901188987
;;901188987
;;900164239
;;901447397
;;818000315
;;900037829
;;901188987
;;900024846
;;900916002
;;901447397
;;900917501
;;900272561
;;900260161
;;901188348
;;901188987
;;818000246
;;891680063
;;891680058
;;900180589
;;900477852
;;900075804
;;900194541
;;901188987
;;901188987
;;901188987
;;901447397
;;900138965
;;900207708
;;818000716
;;900043266
;;900239650
;;900248973
;;900169426
;;900228255
;;900316547
;;900261897
;;818002021
;;901188534
;;901188534
;;901188348
;;900318367
;;901447397
;;901188534
;;901188298
;;901188534
;;901188298
;;900154288
;;818000468
;;901666751
;;901188298
;;901188534
;;900154152
;;900291964
;;901447397
;;900301824
;;901188987
;;901447397
;;901188987
;;900163138
;;900254968
;;900281633
;;900257137
;;901170888
;;901447397
;;901188987
;;900252639
;;900225604
;;900283427
;;900178809
;;901188309
;;901188298
;;900173576
;;901188987
;;901170888
;;900174723
;;900376440
;;900155728
;;901188534
;;900122284
;;900475803
;;901188309
;;818001581
;;900211224
;;901188348
;;900373028
;;901188987
;;818001181
;;901170888
;;900179946
;;900084594
;;900075919
;;901447397
;;901188600
;;818002048
;;900202414
;;818000524
;;818000484
;;900162532
;;818000330
;;818000497
;;900031197
;;901447397
;;901188348
;;901447397
;;900368042
;;900233673
;;900265926
;;900281688
;;901188534
;;900256993
;;900304340
;;841000702
;;841000676
;;811018596
;;818001458
;;900138611
;;901188987
;;818001017
;;900296854
;;900296932
;;901447397
;;900323827
;;900169188
;;900171097
;;901447397
;;901188987
;;900164936
;;891680086
;;901447397
;;900329280
;;900034867
;;900034885
;;900189106
;;901188987
;;900168184
;;900299987
;;812002385
;;812001980
;;900165204
;;812001959
;;900001877
;;900198781
;;900212111
;;900130173
;;900073363
;;900198784
;;900213936
;;900221671
;;900119894
;;900212983
;;900211540
;;812002033
;;800221055
;;900103623
;;900017301
;;900213046
;;812002919
;;900103616
;;812007027
;;900044081
;;900043687
;;900040185
;;900031193
;;900044380
;;900045915
;;900076342
;;812002254
;;800221702
;;800167423
;;800172541
;;812008352
;;900234215
;;812007916
;;812001842
;;900127214
;;812007611
;;812003213
;;812001869
;;900017668
;;812002558
;;900242552
;;812003485
;;800189814
;;812002689
;;812002702
;;900244896
;;812002337
;;900016491
;;891080065
;;812002056
;;812002000
;;900058462
;;812004134
;;900149453
;;900019838
;;900060587
;;812002412
;;900008118
;;812004078
;;900060501
;;812006545
;;800218725
;;812000812
;;812002020
;;900248908
;;900117768
;;812007086
;;900241507
;;812006427
;;812006346
;;900247194
;;900245142
;;900384035
;;812002451
;;812006345
;;812002388
;;900237199
;;900236697
;;812002723
;;812000196
;;900236694
;;900227267
;;812007867
;;900254492
;;800188225
;;900250978
;;800255384
;;900009586
;;900049878
;;900111769
;;812008620
;;900019863
;;900044558
;;900034352
;;812007597
;;900026258
;;812001405
;;812002091
;;812002079
;;800199028
;;900381139
;;800229875
;;812002168
;;812004844
;;812005686
;;812008449
;;812004980
;;812005631
;;812000048
;;812004839
;;812004776
;;900411736
;;812003277
;;900061762
;;812005208
;;900087227
;;900011877
;;900115284
;;900066605
;;900063419
;;900128047
;;900120084
;;900003176
;;900127736
;;812002846
;;812003804
;;812001917
;;812001731
;;812001500
;;812002186
;;812005140
;;900000413
;;812002729
;;812005132
;;812004091
;;900112513
;;900044056
;;900001782
;;812007062
;;812004673
;;812003677
;;812002167
;;812008106
;;812004787
;;800185497
;;812003286
;;812007891
;;900000714
;;812007562
;;900003329
;;900000773
;;900073975
;;900079885
;;900000956
;;900070478
;;900076593
;;900063001
;;900118041
;;800175684
;;812007420
;;812007814
;;900001101
;;900074611
;;900081826
;;900115047
;;900264398
;;812007594
;;900001142
;;812007435
;;900001305
;;812007130
;;812002246
;;812002598
;;900241221
;;900227781
;;900239990
;;900263668
;;900265596
;;900279011
;;812008498
;;812005963
;;812002038
;;812005573
;;900253478
;;900021917
;;812002068
;;812007581
;;812002174
;;812007714
;;900019920
;;812002142
;;900020525
;;812007598
;;812007440
;;900019218
;;900019230
;;812008487
;;800210194
;;812002162
;;812003217
;;812003905
;;812004021
;;812003975
;;812006805
;;812002605
;;812002969
;;900000591
;;812001925
;;900003571
;;900001524
;;812002115
;;900298609
;;900058402
;;812003178
;;812008272
;;812001926
;;800193939
;;900180152
;;900277402
;;900180147
;;900138639
;;900174081
;;900247511
;;900148121
;;900175366
;;900147593
;;800184905
;;812002638
;;901295698
;;812005633
;;812007364
;;812008205
;;812008239
;;812008227
;;812007480
;;800206899
;;812002213
;;900112681
;;900003429
;;812002327
;;900099881
;;812002224
;;900562390
;;800208907
;;812002125
;;812004810
;;812002088
;;812005774
;;812001923
;;812002029
;;812002172
;;812002468
;;812002014
;;812008107
;;812008486
;;812007606
;;812002268
;;812007889
;;812008178
;;812007599
;;812007743
;;812007524
;;812008252
;;900120600
;;812007686
;;812008207
;;901700352
;;900054173
;;812007508
;;812008015
;;812008414
;;812002014
;;812002119
;;812007020
;;900025292
;;812007514
;;900019273
;;900019236
;;900019229
;;900023727
;;900024284
;;900245345
;;900029500
;;812002842
;;812001416
;;900023436
;;900130258
;;800190082
;;812001998
;;812008229
;;900152819
;;900159976
;;812008225
;;812008226
;;900155245
;;900000426
;;900154630
;;812002336
;;900245541
;;812004059
;;832004802
;;899999177
;;900015715
;;890680074
;;900030748
;;900030745
;;860035906
;;860033556
;;899999351
;;800009590
;;890680015
;;890680030
;;808003784
;;808004112
;;808001253
;;808003795
;;832001754
;;800124851
;;900043334
;;890680129
;;832003716
;;800046942
;;832002500
;;899999473
;;832005784
;;900009575
;;900012755
;;899999106
;;800177754
;;900016222
;;832011322
;;900291840
;;900012490
;;800012286
;;832006683
;;832006685
;;832006682
;;832009544
;;860532402
;;900025663
;;900025662
;;832004379
;;832002397
;;900020498
;;899999193
;;900014668
;;900014671
;;832004297
;;832009376
;;832002169
;;900018188
;;900015752
;;900039192
;;832002568
;;832010417
;;900016145
;;860506975
;;900036242
;;890680150
;;890680159
;;800243234
;;808000314
;;800002206
;;900033491
;;832001127
;;900014719
;;900036343
;;832001673
;;900010036
;;832004817
;;832001261
;;899999703
;;832001323
;;800016942
;;899999343
;;900027324
;;900027372
;;800054678
;;900009238
;;800012346
;;900016749
;;800205646
;;800157431
;;832003986
;;900084754
;;832001250
;;899999289
;;832005431
;;800186620
;;860026409
;;900014462
;;900000607
;;800250401
;;900000828
;;832000277
;;900016842
;;899999375
;;900018588
;;899999435
;;832001466
;;808002503
;;800079653
;;832000863
;;900764324
;;800103407
;;832005107
;;900008766
;;900080340
;;890680028
;;900254337
;;808003773
;;800128589
;;808002143
;;808003430
;;899999273
;;899999272
;;832010169
;;900023324
;;899999723
;;900017129
;;832000507
;;832009105
;;832000971
;;832002867
;;900050054
;;832003451
;;832001679
;;832001690
;;901467257
;;901470127
;;832011510
;;832003852
;;800102921
;;900047579
;;901501420
;;822007275
;;800036906
;;900015862
;;900014354
;;808000763
;;808002273
;;808003386
;;800040228
;;800137649
;;800026588
;;832005496
;;832006259
;;832001597
;;832004622
;;800044727
;;900393218
;;832002308
;;800183092
;;832005210
;;890680065
;;808003801
;;832001920
;;822006816
;;832000733
;;808000833
;;890680193
;;832002737
;;832002585
;;832002114
;;832002138
;;899999373
;;800073504
;;800243448
;;832004802
;;832004789
;;832002761
;;900015383
;;800012035
;;832001074
;;800036903
;;899999439
;;860029990
;;890680029
;;890680182
;;808003547
;;800002733
;;900027285
;;900051707
;;800194979
;;899999416
;;800026384
;;808003510
;;808003526
;;832002728
;;899999380
;;832004039
;;832009522
;;832009537
;;900052450
;;899999724
;;832002650
;;832010129
;;832010017
;;832009955
;;890680045
;;808003762
;;808003783
;;899999382
;;832003324
;;900942296
;;832004299
;;832004311
;;832001126
;;832001125
;;832004656
;;832009650
;;900020843
;;832002485
;;832001296
;;900048124
;;832004009
;;800184956
;;899999349
;;900415584
;;899999397
;;900023006
;;800007382
;;808001733
;;800030229
;;900018057
;;832005391
;;890600464
;;890680417
;;808003471
;;800059454
;;890680040
;;900021223
;;832004757
;;900013827
;;832004289
;;832007550
;;900025965
;;800052584
;;832008357
;;832011404
;;832001324
;;832004852
;;900046086
;;832005763
;;832008942
;;860022663
;;860030318
;;860029941
;;900050900
;;900050045
;;800208513
;;899999408
;;890680087
;;899999363
;;900002620
;;860530771
;;832001590
;;860029250
;;900207030
;;860045414
;;860027251
;;900017384
;;832005671
;;890680084
;;900003769
;;890680153
;;800237292
;;832004211
;;900018002
;;832004111
;;900032164
;;900008138
;;900027724
;;800102741
;;832009216
;;843000045
;;843000018
;;843000018
;;843000018
;;843000045
;;843000045
;;843000045
;;843000045
;;843000018
;;843000018
;;843000045
;;843000045
;;843000045
;;822005538
;;822002998
;;822002197
;;822007579
;;900647946
;;822007580
;;900182107
;;900413822
;;822007576
;;822006307
;;900298583
;;900298565
;;822006127
;;800250628
;;800235840
;;822005813
;;822005460
;;900356610
;;900090313
;;900007698
;;900276714
;;900274187
;;900274029
;;900274587
;;900274194
;;900299556
;;900274179
;;900365647
;;900196624
;;822007579
;;900273982
;;900275718
;;900606379
;;900274573
;;900274561
;;813009891
;;900022533
;;900147345
;;900017520
;;900039931
;;900705997
;;900016130
;;891103346
;;900071592
;;891100813
;;813012924
;;813012874
;;813006282
;;891180174
;;800217877
;;813013755
;;900055445
;;891180094
;;813002077
;;813000631
;;813006132
;;813005521
;;813005678
;;891180023
;;891180204
;;800107836
;;813012306
;;813009861
;;891104838
;;813005463
;;891180140
;;813005732
;;813000832
;;891100708
;;900035004
;;900090026
;;813007522
;;891103341
;;891180109
;;813004410
;;813004926
;;891102345
;;813008412
;;813007191
;;813008746
;;813006158
;;813005694
;;813005317
;;813006268
;;813002424
;;800189272
;;891180257
;;813010950
;;891180271
;;813002490
;;813007603
;;891104720
;;891104086
;;891102955
;;813006290
;;813011529
;;891103081
;;891102505
;;813006266
;;813011028
;;800055536
;;900000583
;;813011815
;;813007463
;;813011870
;;813011884
;;813007121
;;900701150
;;813001590
;;891105195
;;813009271
;;813009433
;;813009459
;;813003429
;;900338726
;;900071592
;;891180161
;;891103892
;;813012197
;;900338726
;;813011475
;;900001882
;;813012748
;;891102356
;;900021833
;;900010171
;;813008905
;;900005757
;;813013693
;;900008167
;;900047353
;;800190914
;;900071592
;;891101973
;;900050589
;;900002012
;;900002386
;;813010082
;;800092007
;;900104030
;;900100280
;;813006879
;;813012177
;;813003086
;;891101322
;;813004126
;;813012683
;;813000224
;;813011696
;;800185020
;;813001257
;;813008033
;;813013790
;;813013469
;;813013481
;;891180110
;;813005817
;;900014711
;;813012584
;;900005527
;;813006647
;;891103739
;;900033267
;;813001664
;;813011114
;;900043916
;;813001075
;;891180112
;;813013763
;;813007327
;;813011902
;;900002009
;;900005522
;;813013106
;;813004751
;;900701150
;;813012135
;;813007392
;;813004235
;;891103205
;;813008720
;;813013067
;;813013148
;;813013097
;;900058894
;;813013077
;;800229877
;;891102081
;;813007582
;;813008454
;;813006647
;;813007061
;;800245716
;;891103184
;;813011664
;;800227364
;;891103249
;;891180133
;;813011948
;;813007321
;;800113725
;;891102781
;;891104006
;;891180253
;;813009858
;;813009638
;;813010102
;;891101470
;;800063128
;;891104849
;;813003248
;;813013508
;;800072810
;;891102364
;;900480053
;;901176912
;;900037590
;;900574528
;;825003536
;;800243941
;;900037857
;;825002609
;;825000806
;;892115191
;;892115313
;;825000800
;;825003273
;;900417643
;;900417640
;;800106262
;;800070519
;;900298951
;;825003293
;;825003152
;;800188268
;;825000632
;;900102130
;;900298951
;;825000453
;;825000899
;;825003151
;;825002705
;;825003150
;;825003181
;;892115240
;;825001548
;;892115181
;;892170005
;;892115013
;;825003226
;;825003237
;;825002715
;;825000410
;;900353376
;;900545341
;;892115145
;;900540487
;;825003249
;;900545329
;;825003243
;;800254732
;;825002209
;;825001323
;;825000026
;;900005401
;;900000193
;;825003614
;;901150432
;;900036151
;;900001940
;;900356649
;;900022516
;;900358212
;;900825794
;;901270951
;;901178190
;;901100415
;;900743210
;;900723215
;;825000966
;;800227406
;;892160007
;;892115277
;;825001049
;;825000387
;;900014608
;;825003252
;;900042036
;;825003272
;;825002766
;;825003231
;;892115470
;;825002551
;;900038925
;;900038939
;;825002472
;;800089798
;;900129126
;;825000898
;;892140002
;;825000818
;;825000878
;;892140013
;;800233389
;;819003711
;;819003710
;;819000067
;;819002122
;;800096058
;;819002190
;;819006902
;;900056844
;;900276055
;;800068760
;;900012537
;;819002397
;;819001974
;;800068431
;;900144118
;;819001706
;;900052697
;;900051234
;;900043979
;;819003537
;;900141147
;;819006760
;;819004973
;;900128472
;;891780183
;;891780221
;;819005010
;;819006568
;;819006680
;;819002283
;;900020798
;;819006495
;;819006567
;;819004354
;;819006574
;;819003116
;;819006572
;;819002280
;;800072602
;;819003903
;;900049937
;;819003058
;;819005913
;;819002239
;;819005862
;;819002254
;;819002256
;;891703036
;;819002255
;;819002761
;;819003307
;;900615426
;;800251488
;;819001423
;;819004474
;;819002231
;;819001349
;;819006351
;;819006666
;;819006665
;;819005305
;;819005719
;;900060487
;;819002876
;;819001275
;;900194320
;;819000959
;;819005150
;;900048695
;;800068773
;;819006337
;;819005942
;;819005943
;;819001414
;;800070932
;;891780222
;;819001189
;;900027165
;;819005117
;;819002055
;;900046546
;;819002594
;;819002039
;;819002019
;;819003429
;;891780238
;;819000972
;;819006370
;;891703003
;;900048312
;;900046904
;;819003178
;;900041330
;;819000909
;;900680909
;;900043556
;;819001650
;;900072887
;;819005912
;;900122571
;;800069378
;;819005463
;;819000946
;;819002274
;;900005661
;;900049013
;;819006660
;;819005041
;;819006789
;;819004179
;;900012228
;;819002188
;;800068439
;;900679821
;;819001094
;;819006571
;;819005940
;;819002687
;;819005763
;;800080076
;;819007207
;;819006233
;;819006234
;;900057142
;;819005304
;;900361388
;;800068157
;;819001746
;;819002221
;;800068158
;;900057262
;;900050646
;;819003730
;;900053721
;;900043543
;;819003527
;;900043920
;;819005643
;;819005624
;;900606576
;;819005474
;;900027267
;;819001188
;;891701770
;;819000603
;;819007071
;;900622203
;;819005605
;;900625259
;;819005642
;;819000947
;;800228751
;;900275465
;;822000988
;;822001262
;;892099167
;;822001509
;;800115401
;;800245556
;;822001307
;;822001023
;;822002613
;;822002218
;;800001623
;;800256502
;;822001523
;;822002445
;;892002124
;;892002124
;;900103308
;;892099285
;;900005749
;;901117017
;;800010470
;;892099118
;;900134298
;;892099170
;;822000249
;;892000686
;;892099428
;;822004265
;;822006425
;;900293357
;;892003504
;;822001567
;;822003479
;;822005524
;;822003285
;;822001977
;;822000630
;;892099140
;;800142517
;;822000223
;;822001282
;;822004688
;;901004821
;;901338763
;;892000489
;;900005737
;;822006373
;;900048873
;;822006721
;;900048873
;;900048873
;;822006721
;;822002545
;;800166129
;;822006648
;;822002511
;;822006602
;;800092673
;;800040707
;;900005412
;;900005412
;;900189185
;;822006058
;;822004327
;;900104990
;;822004327
;;892001633
;;900998483
;;901677027
;;901677027
;;901677051
;;901677051
;;901680645
;;822005512
;;901677027
;;901677051
;;901677051
;;882009006
;;901149107
;;822002056
;;822002049
;;822001160
;;822001695
;;892099159
;;800096697
;;822001160
;;892099412
;;900067058
;;822007312
;;822004270
;;800096697
;;822002324
;;892099472
;;822004270
;;800188940
;;822006396
;;822006388
;;822006432
;;892000580
;;822002084
;;822006596
;;682005805
;;822006499
;;822006530
;;892000697
;;822001289
;;900148710
;;892099186
;;892000680
;;822006427
;;822003451
;;800093091
;;822006533
;;900130537
;;822006293
;;822005143
;;822002203
;;822005143
;;822006769
;;900005137
;;814001320
;;891201658
;;900603195
;;891201426
;;800209234
;;800214334
;;814004251
;;814006422
;;891201866
;;814000383
;;814002151
;;891200712
;;891200730
;;901739158
;;891201905
;;900959808
;;901739095
;;840000882
;;900884737
;;900000095
;;900000095
;;900000095
;;900000095
;;814002168
;;891202084
;;814005317
;;814006541
;;891201287
;;900663657
;;900369041
;;814005427
;;800034532
;;800109787
;;800189937
;;814007236
;;891201621
;;814006096
;;814007000
;;814006472
;;814002093
;;800106381
;;800255353
;;814002163
;;814006030
;;800220268
;;814006658
;;814006658
;;814006658
;;891201561
;;814005544
;;814000297
;;800178626
;;814005544
;;814005581
;;814005999
;;800178626
;;800178626
;;814000297
;;814005999
;;814000297
;;814005544
;;814005581
;;891201561
;;814005581
;;800178626
;;800178626
;;814000297
;;814005581
;;814005999
;;814005544
;;814005581
;;814000297
;;814000297
;;800178626
;;814005999
;;800252706
;;800252706
;;800252706
;;800252706
;;800252706
;;814006017
;;800252706
;;800252706
;;814006017
;;814006017
;;814001432
;;814001747
;;814001747
;;814007201
;;900081185
;;900081185
;;900012754
;;800045612
;;814006476
;;800215020
;;800045612
;;900081185
;;837000127
;;800045612
;;837000127
;;837000127
;;800215020
;;900422215
;;814004128
;;900081185
;;814006476
;;814004128
;;814004128
;;900081185
;;900081185
;;900422215
;;814004128
;;900081185
;;900081185
;;900081185
;;900081185
;;814006476
;;900081185
;;800215020
;;814004128
;;800215020
;;800045612
;;900081185
;;814004128
;;800215020
;;900012754
;;900012754
;;800215020
;;814004128
;;900012754
;;900081185
;;814004128
;;900422215
;;900422215
;;814004128
;;814004128
;;814007201
;;814006476
;;900012754
;;814006476
;;814007201
;;800215020
;;800209906
;;901585095
;;900479556
;;800029202
;;840001018
;;840001014
;;840000421
;;840001138
;;900037932
;;840001065
;;900037936
;;900037936
;;900037932
;;900037932
;;900037932
;;840001068
;;814005251
;;891201704
;;814006878
;;891281185
;;814006897
;;814005042
;;891202098
;;901476737
;;901738566
;;900616496
;;814000328
;;800129014
;;891201078
;;814005938
;;800254333
;;901583996
;;840000403
;;900666567
;;814000636
;;837000110
;;837000110
;;837000325
;;837000110
;;800136509
;;800136509
;;837000325
;;814006043
;;837000110
;;837000325
;;800136509
;;837000110
;;814006043
;;800136509
;;800136509
;;800136509
;;837000110
;;800136509
;;814006043
;;837000110
;;800136509
;;891201892
;;814001404
;;900019546
;;814000321
;;814000236
;;814006709
;;814000052
;;814002081
;;900010185
;;800161116
;;800186574
;;891201430
;;814001283
;;891201429
;;814005956
;;814004826
;;814000817
;;891224551
;;800241726
;;814000893
;;814005308
;;800180311
;;814006667
;;800050062
;;900553593
;;901639636
;;840000423
;;800218592
;;814003802
;;814005673
;;899999099
;;814003802
;;814001746
;;900113702
;;814005959
;;891201893
;;800154643
;;800246340
;;891201865
;;814005962
;;814006123
;;900368451
;;840001019
;;901738709
;;800247918
;;800247918
;;814003417
;;814003417
;;800247918
;;814003417
;;814003417
;;800247918
;;814003417
;;814003417
;;800247918
;;900584420
;;814003417
;;814003417
;;814003417
;;814003417
;;814003417
;;800247918
;;840000788
;;840000788
;;840000788
;;900017078
;;800210305
;;800147624
;;840000935
;;900083252
;;900327686
;;900441704
;;840000229
;;891200889
;;814001414
;;800213048
;;891201736
;;900910718
;;901592199
;;901731357
;;814005976
;;814005655
;;814001573
;;800178994
;;814006267
;;814006677
;;900004976
;;814000314
;;900004976
;;814004095
;;800209877
;;814006411
;;814006461
;;814001758
;;891201453
;;800246058
;;891224351
;;891201878
;;814004611
;;814002168
;;814002168
;;814002168
;;814002168
;;814002168
;;900524435
;;814002168
;;901736290
;;800063123
;;840001059
;;800063123
;;800223122
;;800218091
;;900233888
;;814002932
;;800121394
;;814001614
;;891201859
;;891201909
;;900663079
;;900050973
;;900541503
;;814004085
;;814001259
;;814002128
;;814000850
;;800027339
;;814001182
;;900612367
;;814006237
;;891200778
;;891200564
;;814002089
;;800108310
;;814001838
;;814001094
;;814001094
;;814001094
;;814005267
;;814005267
;;814003752
;;814003752
;;814005267
;;814003752
;;814005267
;;814005267
;;814003752
;;814003752
;;814005267
;;814003752
;;814003752
;;814003752
;;814003752
;;814005267
;;814005267
;;814005267
;;814005267
;;814005267
;;814005267
;;814003752
;;814005267
;;814005267
;;814005267
;;814005267
;;814003752
;;814003752
;;814005267
;;814005267
;;814003752
;;814005267
;;814003752
;;814003752
;;814003752
;;814003752
;;814003752
;;814003752
;;814000507
;;814004810
;;814002408
;;891201709
;;814006081
;;900889520
;;900871157
;;800109316
;;800061083
;;814001171
;;800246195
;;814000796
;;814001536
;;814002386
;;891201881
;;800151532
;;891201451
;;800216267
;;814007209
;;800011333
;;900624854
;;800011333
;;800237453
;;800011333
;;800011333
;;800011333
;;800237453
;;800237453
;;800011333
;;800011333
;;800011333
;;800011333
;;800011333
;;800011333
;;800011333
;;800011333
;;814003511
;;814002829
;;800237453
;;800011333
;;891201609
;;814001960
;;891201930
;;890501542
;;807007748
;;900036983
;;900108518
;;900121470
;;900043557
;;900108500
;;900121474
;;900108503
;;900034007
;;900108500
;;900108500
;;900304884
;;890501491
;;900200311
;;900200236
;;807002004
;;890501716
;;900202112
;;890502670
;;890505399
;;900020158
;;900368652
;;900200097
;;807005884
;;807008696
;;807004227
;;900199324
;;900201752
;;890504779
;;900048559
;;807002373
;;890501444
;;900103588
;;900104013
;;900103584
;;890501381
;;890501419
;;900046029
;;900046966
;;900915708
;;900047359
;;900443272
;;890501975
;;807002964
;;807001066
;;900020367
;;900156845
;;901469851
;;900253090
;;900253087
;;807003826
;;890501440
;;900061569
;;900068688
;;900068707
;;900048986
;;890502462
;;900046802
;;890502261
;;890502260
;;900200125
;;900200108
;;900200134
;;900324382
;;901470594
;;900144471
;;900270904
;;900226691
;;900260220
;;901185407
;;900280497
;;890501409
;;807002720
;;900051934
;;807004097
;;900129385
;;900628568
;;807001706
;;890501450
;;900054925
;;890503579
;;900235943
;;900199964
;;900242348
;;890502560
;;807006864
;;807007089
;;807007694
;;807006864
;;807007089
;;900211388
;;807007089
;;807006864
;;890501968
;;900201603
;;900068825
;;900208241
;;807006133
;;900051925
;;807005982
;;900035671
;;900035853
;;807000998
;;807004378
;;890503226
;;900027336
;;807007898
;;890505515
;;900200101
;;890501526
;;901080434
;;900046551
;;807001921
;;890501798
;;890501859
;;890503261
;;890501738
;;890503444
;;807007119
;;800255397
;;807005032
;;890501819
;;900045941
;;890501761
;;900043561
;;807006596
;;900003210
;;800197417
;;890500881
;;890501473
;;890501571
;;807003049
;;807001445
;;807006276
;;900034949
;;890501978
;;900131562
;;900199400
;;890504234
;;890501582
;;900235415
;;900143695
;;900261791
;;807005564
;;807004145
;;900199136
;;900165759
;;890503358
;;900262901
;;900345301
;;900262916
;;900345310
;;890503524
;;900006997
;;890500901
;;900047169
;;890505328
;;800111710
;;901175967
;;900170314
;;890505530
;;890503203
;;900185459
;;800111710
;;890505328
;;900047585
;;890505328
;;890501464
;;900046512
;;900029690
;;807000775
;;901647550
;;900177462
;;900157767
;;900202245
;;900234106
;;900093705
;;901470446
;;890501662
;;900069538
;;807008314
;;900122910
;;890505155
;;900199668
;;900216957
;;901623501
;;900197784
;;900005901
;;807005023
;;807008076
;;901719232
;;890505188
;;900055809
;;900046312
;;807008467
;;900048693
;;807003793
;;807001459
;;807002384
;;900208263
;;900443272
;;890501980
;;900147443
;;807001704
;;807002632
;;890501952
;;890501953
;;800096642
;;900086917
;;807001331
;;807001006
;;900305167
;;800213629
;;846002238
;;900045712
;;891201442
;;846000522
;;846000066
;;846000133
;;846000256
;;846000443
;;846000373
;;846003398
;;846003515
;;846003498
;;846000081
;;900065553
;;846001678
;;900001797
;;846003497
;;800022939
;;846002699
;;846000340
;;846003947
;;846003599
;;846003600
;;846003593
;;846003594
;;846003711
;;846003598
;;846003582
;;846003585
;;846003597
;;900011918
;;846003506
;;846003562
;;846000257
;;891201897
;;846000162
;;846000050
;;900009757
;;846003563
;;846003704
;;846003505
;;846003487
;;846003361
;;846003513
;;846003647
;;846004005
;;846003968
;;846003966
;;846003648
;;846003873
;;846000149
;;846003494
;;846004007
;;900607273
;;846003605
;;846004149
;;846003293
;;846002466
;;846003384
;;900003752
;;900655641
;;900001976
;;846003436
;;900464652
;;846003536
;;846003411
;;846003588
;;846000243
;;846002754
;;846003586
;;900019598
;;846003592
;;900654269
;;846003519
;;846004244
;;846004233
;;846003751
;;901116388
;;846003658
;;800225753
;;846001152
;;900616058
;;900004605
;;900047733
;;900160678
;;900017427
;;900070305
;;846002090
;;900014041
;;900021253
;;846000592
;;900010463
;;900017593
;;900008478
;;846003423
;;900606264
;;891201870
;;846003541
;;846003538
;;846003762
;;846004257
;;846003674
;;846000166
;;846003761
;;901363017
;;846003610
;;846003609
;;846003607
;;846000088
;;900001395
;;800058601
;;900433785
;;846003301
;;846000229
;;846002319
;;814000361
;;846000096
;;846000376
;;800092360
;;814000109
;;800176777
;;900412657
;;846003752
;;846003991
;;846003679
;;846004072
;;900002532
;;846003621
;;846003406
;;846000077
;;846004131
;;846003608
;;846004140
;;846003989
;;814000114
;;846000217
;;900076068
;;846001779
;;846004021
;;846004054
;;846004027
;;800155864
;;900625638
;;901064198
;;846000466
;;801004962
;;800050394
;;900197510
;;801004639
;;801004798
;;800017926
;;890000718
;;801004631
;;801004629
;;890003829
;;801004562
;;801004835
;;800030044
;;801004588
;;890000891
;;801000596
;;900003985
;;890003817
;;900001638
;;900001000
;;900096641
;;900002482
;;890003855
;;890003439
;;801004741
;;890003844
;;890003810
;;801004910
;;800020594
;;800024815
;;800128622
;;801004151
;;890003582
;;900210027
;;800023951
;;800011649
;;800054483
;;801004930
;;901044455
;;801004956
;;801001823
;;890002942
;;890001092
;;800011848
;;801004740
;;800025035
;;890003775
;;800004624
;;890003779
;;890003799
;;800219618
;;800026887
;;900001356
;;900359724
;;891412814
;;891409853
;;900079950
;;900001722
;;816007274
;;900105947
;;900273615
;;816007274
;;891410507
;;891407972
;;900067553
;;891412106
;;816007274
;;816002101
;;891412217
;;891412203
;;800004220
;;816007274
;;891401752
;;816004993
;;816007274
;;891412897
;;891412964
;;816002480
;;891412224
;;816006276
;;816007274
;;891412146
;;891412158
;;891408757
;;901375509
;;816007274
;;800029408
;;900163352
;;900256595
;;900381275
;;800215760
;;816007274
;;816001217
;;816000542
;;900183339
;;900180108
;;900011766
;;816007274
;;901393794
;;891408369
;;800145178
;;891401681
;;900283371
;;816002206
;;816000905
;;800233559
;;816007457
;;816007274
;;891411900
;;800032044
;;891401155
;;891401224
;;891401388
;;800025527
;;891400759
;;891409839
;;816007274
;;891412806
;;891412779
;;900042540
;;900150444
;;816007274
;;892400354
;;892400354
;;892400713
;;892400283
;;800255421
;;827000591
;;827000790
;;827000288
;;804007117
;;800051324
;;804010869
;;804005584
;;800012226
;;804017819
;;900000128
;;800016864
;;804000130
;;890205525
;;804017376
;;804017375
;;800021335
;;804012548
;;800021335
;;804005900
;;804016229
;;900051420
;;804016154
;;804006668
;;890208939
;;900090662
;;804003278
;;800007805
;;890208374
;;900118045
;;890204565
;;804004730
;;804004733
;;804002966
;;804017609
;;800089760
;;804017388
;;890208051
;;890204679
;;804017724
;;804016464
;;804016463
;;804016035
;;804002756
;;800024818
;;804003475
;;800016996
;;804017725
;;804007563
;;800008208
;;804010621
;;900142297
;;804017527
;;804017477
;;804011354
;;804017666
;;804017667
;;804017533
;;804017701
;;804002050
;;804017702
;;800194058
;;800194127
;;804008055
;;800107199
;;900172322
;;804009178
;;800032206
;;900160866
;;900129753
;;804008227
;;804017794
;;804017735
;;804017994
;;804017734
;;804017733
;;804017736
;;804007445
;;800147862
;;804017946
;;900265534
;;804001730
;;800006549
;;900017839
;;900246906
;;900000685
;;804016253
;;804002531
;;800162778
;;804016175
;;800008056
;;804017914
;;900017554
;;804002951
;;804017490
;;800160414
;;900074218
;;900074221
;;900135719
;;900072184
;;890205199
;;800008379
;;800068675
;;804017845
;;800045581
;;900005216
;;890203250
;;800156232
;;800104174
;;804017842
;;804008169
;;800011076
;;800011076
;;900111116
;;800010389
;;804017311
;;804017386
;;890206679
;;804002954
;;804015507
;;804016161
;;800012105
;;804016126
;;804002731
;;804017409
;;804016113
;;804017768
;;890205140
;;804003043
;;804017480
;;804017563
;;804002412
;;800194494
;;800165495
;;890204972
;;890204907
;;890205072
;;890204999
;;804008145
;;800143351
;;804013162
;;804017379
;;804017381
;;804017424
;;804017691
;;804017380
;;804005065
;;804017766
;;804017767
;;804007926
;;804008021
;;890212320
;;804017953
;;804017954
;;890208224
;;804002167
;;900147306
;;900147789
;;804013876
;;800248738
;;804017346
;;800082051
;;900096437
;;890210013
;;804008580
;;800027752
;;804013970
;;804012374
;;800162122
;;800079233
;;829002186
;;800016033
;;800012771
;;900001660
;;900000622
;;829000759
;;800222520
;;829000416
;;900000241
;;800012640
;;900013651
;;900196243
;;900612703
;;804017537
;;900161087
;;900016768
;;804009132
;;804001310
;;804002399
;;800031377
;;829003955
;;829004321
;;800136353
;;800011654
;;804010038
;;800196009
;;804001835
;;804017377
;;890208068
;;804004437
;;800010624
;;890201433
;;800098147
;;804017300
;;900139055
;;804017299
;;804003431
;;900101167
;;800233857
;;804017820
;;804017821
;;804009541
;;890205446
;;829000858
;;829004242
;;900143146
;;829004289
;;829002496
;;829004272
;;829001650
;;800057459
;;829004341
;;829004264
;;829002152
;;800083362
;;804006308
;;804017571
;;804004422
;;804016016
;;804016033
;;900100143
;;804016186
;;804017784
;;804016885
;;890204300
;;804015413
;;804014686
;;804007717
;;804015197
;;804007488
;;804017297
;;800008042
;;800253393
;;800189808
;;804008281
;;800065599
;;804000085
;;804017298
;;804000163
;;804000085
;;800056056
;;800031491
;;804008496
;;804006327
;;890212983
;;804002622
;;890204616
;;804007948
;;804007987
;;890207726
;;900230451
;;890210575
;;900003106
;;900011836
;;900000064
;;804013257
;;800011385
;;804002915
;;804013014
;;804017478
;;804017482
;;804017479
;;892201169
;;900250546
;;800036345
;;900284802
;;900284297
;;900313746
;;900284801
;;900109171
;;900244894
;;823001645
;;823002218
;;800182765
;;900107317
;;800160171
;;823001661
;;901462994
;;823001699
;;823000982
;;800078203
;;892201149
;;890480112
;;800063010
;;823000664
;;800076133
;;800079517
;;823005267
;;823005088
;;892201270
;;823000395
;;800063881
;;900052695
;;900054160
;;823005132
;;900001502
;;800027823
;;823002185
;;823001555
;;823001413
;;823003064
;;823000548
;;823001022
;;823001023
;;800094329
;;900011411
;;823004863
;;823005062
;;823005002
;;900028324
;;823004754
;;823000388
;;900059994
;;900069307
;;900223457
;;900067530
;;823000553
;;900059993
;;900044364
;;900250139
;;823000527
;;823000494
;;900212492
;;800037737
;;900241018
;;823000937
;;900235059
;;900075495
;;900278259
;;823001227
;;892200745
;;823002785
;;823004350
;;823002162
;;823003071
;;823004651
;;823001497
;;823001481
;;800127689
;;900371991
;;823001728
;;900030838
;;900064104
;;900044493
;;900011729
;;823001684
;;900147456
;;823003776
;;900124358
;;823004911
;;900032800
;;900293076
;;900044499
;;823005179
;;900031330
;;900011716
;;823001617
;;900006877
;;823003282
;;823003329
;;900032865
;;900011743
;;900147461
;;800160419
;;823000452
;;823003322
;;823001575
;;823001568
;;823001539
;;800194406
;;823001049
;;823004926
;;823004635
;;900099339
;;823005079
;;900000045
;;823004693
;;823005021
;;900033039
;;823005114
;;823001494
;;800231103
;;823005155
;;800203120
;;823005110
;;823005131
;;900067504
;;823005193
;;900071774
;;900063721
;;823001117
;;892201254
;;823000407
;;823003829
;;823003761
;;823001571
;;823001527
;;823001631
;;823001632
;;823001740
;;823001662
;;823001523
;;823001561
;;823003740
;;823001519
;;900307382
;;823001789
;;823001532
;;823001708
;;800008167
;;900207616
;;900413482
;;900414419
;;823004646
;;823004631
;;900548040
;;823004634
;;900000801
;;900759081
;;900025532
;;823004625
;;800153828
;;823004627
;;823004626
;;823004657
;;900210543
;;892201151
;;800128977
;;900253245
;;823004653
;;800182104
;;823002500
;;892201233
;;900001981
;;823005076
;;823005080
;;823004914
;;800164069
;;823001072
;;800099402
;;823001103
;;823001079
;;823003108
;;823001136
;;900046992
;;900023197
;;823001825
;;800067068
;;900052232
;;900019520
;;900081239
;;900041816
;;900007280
;;900035104
;;900035505
;;900035488
;;900027881
;;900033023
;;823001822
;;823001820
;;823004630
;;800045078
;;800040556
;;823000543
;;823004700
;;823004673
;;823004644
;;900134325
;;823005324
;;823001715
;;823004696
;;823002645
;;823001738
;;900004669
;;900141165
;;823001720
;;823001659
;;823004629
;;823004682
;;900140979
;;823005350
;;900338670
;;823002154
;;900177038
;;823004644
;;900137907
;;823004692
;;823000722
;;800166354
;;823000637
;;823004025
;;823000509
;;823002355
;;800187050
;;892201066
;;823001507
;;900259553
;;900001935
;;900136733
;;900256070
;;823001593
;;900247189
;;900251658
;;900053776
;;900247161
;;823002689
;;823001398
;;900246445
;;823002385
;;900243293
;;823001843
;;800027648
;;823001044
;;823004200
;;823004128
;;900104352
;;900115095
;;823001665
;;823000601
;;892280075
;;823001541
;;823004062
;;823003229
;;823003344
;;823002344
;;823000574
;;800184695
;;800004400
;;800016088
;;800011981
;;900028806
;;809006581
;;809009472
;;809000750
;;800007216
;;809007288
;;809006104
;;890701513
;;800028049
;;809005989
;;809005242
;;890703659
;;901014081
;;809005215
;;800151251
;;900464149
;;800000529
;;800102593
;;900041145
;;800236561
;;800004163
;;800006095
;;800002823
;;900060416
;;900060163
;;890706714
;;890702583
;;890706819
;;890703715
;;900760503
;;900063037
;;900025525
;;900162027
;;800006889
;;800029687
;;809006078
;;809007250
;;890706965
;;800002221
;;900031324
;;809001075
;;809010059
;;900032861
;;809008644
;;800000298
;;900051024
;;800162007
;;809000692
;;900053904
;;890706635
;;900056628
;;890707000
;;809000190
;;800006743
;;900021938
;;809007796
;;900018738
;;890701776
;;800108475
;;890706300
;;809001547
;;800079926
;;809001400
;;809001546
;;809001544
;;890702556
;;809004464
;;890702925
;;809002778
;;809005406
;;809000929
;;890680467
;;809002576
;;890701777
;;890706682
;;890701714
;;809004569
;;900412462
;;890701970
;;809005052
;;809000232
;;800012461
;;800007117
;;890701961
;;809006164
;;809001647
;;809003117
;;809004566
;;800026709
;;800063954
;;809004471
;;890701233
;;890702291
;;890701232
;;809001031
;;809000941
;;890706623
;;890702191
;;890706096
;;900005550
;;809006850
;;809011409
;;900129243
;;890706353
;;809001475
;;800074418
;;809008297
;;890706737
;;890706589
;;890703334
;;890704988
;;890703306
;;900059737
;;900002137
;;809005933
;;809005894
;;809005849
;;800200115
;;890706780
;;800029382
;;809009531
;;809010672
;;809009780
;;800014311
;;890706334
;;809003573
;;809007275
;;890707217
;;890702915
;;800014626
;;809005562
;;800025049
;;809002448
;;900029258
;;800081167
;;900006187
;;900005484
;;900031601
;;890706950
;;890705435
;;800246871
;;800014649
;;809005101
;;800042845
;;900123620
;;809005164
;;900062183
;;800010710
;;900039076
;;890703023
;;809000117
;;900028195
;;800025311
;;800029884
;;809008702
;;809009013
;;800033247
;;800036410
;;900003201
;;809004671
;;800040630
;;900246248
;;900248809
;;900309234
;;800168612
;;890705121
;;890705787
;;809007159
;;800213883
;;800247707
;;809004849
;;809004609
;;809004709
;;800124367
;;809006752
;;809004517
;;890706749
;;809007513
;;890703044
;;890706969
;;900047305
;;800161382
;;800010009
;;890706646
;;809007014
;;809010612
;;800095117
;;890701489
;;809002832
;;809004527
;;900030129
;;890703269
;;809007439
;;890702057
;;890705465
;;800037608
;;809006238
;;890706314
;;800017052
;;800179135
;;809008325
;;809007059
;;890706837
;;800028362
;;900054805
;;900058887
;;800227193
;;809000271
;;891901084
;;821003191
;;821003274
;;891900940
;;891901156
;;891901100
;;821003315
;;821001963
;;891902273
;;901702025
;;891901104
;;901702025
;;821003576
;;891900862
;;821003220
;;821003112
;;821003308
;;900119824
;;901702025
;;900050536
;;821000346
;;891900838
;;821003342
;;821001476
;;901702025
;;890000711
;;890000710
;;821001168
;;821001201
;;821001172
;;891380219
;;815004418
;;815004736
;;815003704
;;815004606
;;805027386
;;805012781
;;805030100
;;805027418
;;900014931
;;805015675
;;805016152
;;805029153
;;805028897
;;805030780
;;805027684
;;900005109
;;821003287
;;900000573
;;891901408
;;901702025
;;891901160
;;891900012
;;901702025
;;891380138
;;891380159
;;815004634
;;815003853
;;815004547
;;805006757
;;805000081
;;900256484
;;900259945
;;901702025
;;891901114
;;821001877
;;901702025
;;800024912
;;800024492
;;815001161
;;901702025
;;815004490
;;815003057
;;891380047
;;900005109
;;891380108
;;900005109
;;815002996
;;900097563
;;890300586
;;891380167
;;800246080
;;815001828
;;815004588
;;815004633
;;815001599
;;900051135
;;900048308
;;805023163
;;890324358
;;805027286
;;821000279
;;900005408
;;821003374
;;891901108
;;891903368
;;881900892
;;821000993
;;821003302
;;891901154
;;821000303
;;821002772
;;900195673
;;815004510
;;800205531
;;815001203
;;900002781
;;815004541
;;815004472
;;805027629
;;890324151
;;901702025
;;900000010
;;805029865
;;805030161
;;891901083
;;821001615
;;821002935
;;821002946
;;821002938
;;891900829
;;891900837
;;891900830
;;821003289
;;821003191
;;891380122
;;900156162
;;821002380
;;891900536
;;891900537
;;821003219
;;821001550
;;821001561
;;821001505
;;821001692
;;821003354
;;891900666
;;891900722
;;891900461
;;891900895
;;821000317
;;901702025
;;900005040
;;821000335
;;821003464
;;821003181
;;891901226
;;821003059
;;821002675
;;821000964
;;805023443
;;901702025
;;805018133
;;805028097
;;890311128
;;900135207
;;805030833
;;800255856
;;891900886
;;891904107
;;891900855
;;821000033
;;900217092
;;845000052
;;845000032
;;845000059
;;900273156
;;900373719
;;900090014
;;900323820
;;900220813
;;900326529
;;900229988
;;900298223
;;900220813
;;900115908
;;900115908
;;842000022
;;842000067
;;901523363
;;900115908
;;842000009
;;900115908
;;900115908
;;842000009
;;900115908
;;900115908
;;842000022
;;900115908
;;900115908
;;900115908
;;900115908
;;900115908
;;842000009
;;900115908
;;900115908
;;901544730
;;900115908
;;900023185
;;842000007
;;842000019
;;842000019
;;842000019
;;900023185
;;900023185
;;842000007
;;842000009
;;842000067
;;842000067
;;842000007
;;842000200
;;842000009
;;900336231
;;842000007
;;842000008
;;842000008
;;842000008
;;830019146
;;800125903
;;800105345
;;800098623
;;899999121
;;830004667
;;800108292
;;830087086
;;830024495
;;830028542
;;860532458
;;830046920
;;860532555
;;830110099
;;830092098
;;830095250
;;800132956
;;800075433
;;860532330
;;800102083
;;860532363
;;830076480
;;860532407
;;860532521
;;830047107
;;899999139
;;900017942
;;800029838
;;830082563
;;860066763
;;860532366
;;830103422
;;860532442
;;800177191
;;800179768
;;860532576
;;860532476
;;860022901
;;860532317
;;832002066
;;830024694
;;830061995
;;860532530
;;830035369
;;830104171
;;830014042
;;830015178
;;830035257
;;830036082
;;830037558
;;800229404
;;830019043
;;800243180
;;860532493
;;860532422
;;830004482
;;860532281
;;830058250
;;830022691
;;830022413
;;830025608
;;800180019
;;830064875
;;830038017
;;830043788
;;830004635
;;800027398
;;830035405
;;830047955
;;830054724
;;830035023
;;830034079
;;830034182
;;830035327
;;830110336
;;830065820
;;860532539
;;830110396
;;830021288
;;830034928
;;830111192
;;830052343
;;830066518
;;830034603
;;800252786
;;830085316
;;830064342
;;830043069
;;830054666
;;830107730
;;830044503
;;830024200
;;830026578
;;800234068
;;800229405
;;860532364
;;800181747
;;800206329
;;830079131
;;830021612
;;830037868
;;830016596
;;800247251
;;830079439
;;830070038
;;830041431
;;830035719
;;830064877
;;830042690
;;830034353
;;860532414
;;860532542
;;800218963
;;830000292
;;830090775
;;800131230
;;830000405
;;830036221
;;830012617
;;830108114
;;830043680
;;830042189
;;830110892
;;830017442
;;830015079
;;830065192
;;899999741
;;830041525
;;830111417
;;830041897
;;860532538
;;830115387
;;830011495
;;900960204
;;830002591
;;830058468
;;800032749
;;860532316
;;899999732
;;860532412
;;830048428
;;830000639
;;860582589
;;830036325
;;830062912
;;830063598
;;860532413
;;830062537
;;830035113
;;830055296
;;860532427
;;830092890
;;830110203
;;860532518
;;830020606
;;830020653
;;830024976
;;830018215
;;830070022
;;832002183
;;860532556
;;800002248
;;899999735
;;860532537
;;860532235
;;830024372
;;830049594
;;800210165
;;830097774
;;830057636
;;830033575
;;830044056
;;830037220
;;899999269
;;830044078
;;830037015
;;830021052
;;830105931
;;860532516
;;830037627
;;800018246
;;860532631
;;830099104
;;860532406
;;800011145
;;860532248
;;800243182
;;860532408
;;800118767
;;830039128
;;900939018
;;830041513
;;800045015
;;830049093
;;830036424
;;860532342
;;830066456
;;830036664
;;800136287
;;830115384
;;830063877
;;830038383
;;830036150
;;830085801
;;830062800
;;830007423
;;830097773
;;830052392
;;830040873
;;800129449
;;830074780
;;830038594
;;830086652
;;800144814
;;830012380
;;830039797
;;830040006
;;830073956
;;830035460
;;830022840
;;800165705
;;830075980
;;830024664
;;800128528
;;830099242
;;800163153
;;800249171
;;830004656
;;830011315
;;830071472
;;830068785
;;800152472
;;830033738
;;830011856
;;830061996
;;830086996
;;830049092
;;830099090
;;800243174
;;830001534
;;830000758
;;830039235
;;830107340
;;830037528
;;900187743
;;830037518
;;830036734
;;860532489
;;830066973
;;900826975
;;830093541
;;830084782
;;900845585
;;900825161
;;800237356
;;830015792
;;800127631
;;830093700
;;900065806
;;900176103
;;900201695
;;900153015
;;900143276
;;900176074
;;900174479
;;900167733
;;900060722
;;830071712
;;830040577
;;900173145
;;900114575
;;900179332
;;900260908
;;900200860
;;900207730
;;830037739
;;900233636
;;900172786
;;900151353
;;900203856
;;830064259
;;900212595
;;900199823
;;900211563
;;900208112
;;900277707
;;900219678
;;900213748
;;900207396
;;900350350
;;900380913
;;900477343
;;900871861
;;901108555
;;901147972
;;901371313
;;901449523
;;901680744
;;901677057
;;901676990
;;901675097
;;901676909
;;901710372
;;830036775
;;830026136
;;830051789
;;860532337
;;830021600
;;830045188
;;830055451
;;830089316
;;860532456
;;899999731
;;830033256
;;830031860
;;830019290
;;830045118
;;830100437
;;899999277
;;830042946
;;830038081
;;830029869
;;830037517
;;860532389
;;830034722
;;830039170
;;830033089
;;830038553
;;860533131
;;860532444
;;830100961
;;899999292
;;860531643
;;800117000
;;860532230
;;860532445
;;860532531
;;830038930
;;860532533
;;830042396
;;830036283
;;830040605
;;830118045
;;830114059
;;830057661
;;830049091
;;830052690
;;830070380
;;830048096
;;830051612
;;830048096
;;830048096
;;830048096
;;830048096
;;830061997
;;830048096
;;830048096
;;830048096
;;830048096
;;830090888
;;830041796
;;830048096
;;830048096
;;830022501
;;830040832
;;830041646
;;830041647
;;830088159
;;860532532
;;830024124
;;830055028
;;802002992
;;802008214
;;802005206
;;802007497
;;800256393
;;802007370
;;802002086
;;802006977
;;900203875
;;802002867
;;802001962
;;890103812
;;890107327
;;890103077
;;890106787
;;890102265
;;890103091
;;802001739
;;802003024
;;802000769
;;802010806
;;802002991
;;800153881
;;802007590
;;802001393
;;802007333
;;802007768
;;802002122
;;802007336
;;802001226
;;802016190
;;800256090
;;802004421
;;802000963
;;800256383
;;890110805
;;802006555
;;802001202
;;802014036
;;802001062
;;802001774
;;802007251
;;802003613
;;802000879
;;802003797
;;802007431
;;802006858
;;802001512
;;802019414
;;802012629
;;802000747
;;802006904
;;802005031
;;802007115
;;802002124
;;802002381
;;802007337
;;802001387
;;802004411
;;802002223
;;802007414
;;802007817
;;802000994
;;802004115
;;802002316
;;890103854
;;802007350
;;802003217
;;802000318
;;802007501
;;802007111
;;802000796
;;900444072
;;900131774
;;802002680
;;802002317
;;802007643
;;802012996
;;802001194
;;890114156
;;890102267
;;802013413
;;802007167
;;802023868
;;890106369
;;890112233
;;802007544
;;802001431
;;802003176
;;800201582
;;802006717
;;802016569
;;890112437
;;802008685
;;900130725
;;802007212
;;900038466
;;802008301
;;802007181
;;802004987
;;802007249
;;802008775
;;802001809
;;802007559
;;900281595
;;890103018
;;900028725
;;800152168
;;802004486
;;802004708
;;900074878
;;802001532
;;802001221
;;802014062
;;802008543
;;900148736
;;802002313
;;802007725
;;802003856
;;802007316
;;802002580
;;802007707
;;802007548
;;802008704
;;802009675
;;802007223
;;802010704
;;802011719
;;802020184
;;802011033
;;802020776
;;900132451
;;900273759
;;802010570
;;901232235
;;901079125
;;901046315
;;890107266
;;802007385
;;802008429
;;802001440
;;802003356
;;901046441
;;901044426
;;802001425
;;802001550
;;802014231
;;802010850
;;900077815
;;802002679
;;802020860
;;806004095
;;806012542
;;806001166
;;900673137
;;806011832
;;900007622
;;806012606
;;806012616
;;806001355
;;806000581
;;806003674
;;806012079
;;806011919
;;806003005
;;900029429
;;806012552
;;806012153
;;806003670
;;806011877
;;806011976
;;800215242
;;806012497
;;806012177
;;806011904
;;890481482
;;806003596
;;806003501
;;900000097
;;806011886
;;806012547
;;806011971
;;806012806
;;806011843
;;806011970
;;800240605
;;806012804
;;806003825
;;806012229
;;806011897
;;806012071
;;890481476
;;806003564
;;806011979
;;800200331
;;806004017
;;806008967
;;890480630
;;900518591
;;806003655
;;806001174
;;806012816
;;806007908
;;800221442
;;806013159
;;890481209
;;900013774
;;900069821
;;901374443
;;901562274
;;806012452
;;806004078
;;806009142
;;806010594
;;806002878
;;806005031
;;806011799
;;900792923
;;806004076
;;806008245
;;806004641
;;806003193
;;806011890
;;806009730
;;806012072
;;806011909
;;800255974
;;806000760
;;806009769
;;806013002
;;806002722
;;806016512
;;806012074
;;901372415
;;800119213
;;819000381
;;819002313
;;819002619
;;819004914
;;819002018
;;891780218
;;891780110
;;891780237
;;891780108
;;819001253
;;819004937
;;819001704
;;819006992
;;819001717
;;819002466
;;891780107
;;819001878
;;819001887
;;891780112
;;891780198
;;800070892
;;819002493
;;800160623
;;819002035
;;819002043
;;819002324
;;819005750
;;819005214
;;819000683
;;819005218
;;819001282
;;819001979
;;819003117
;;900236928
;;900184334
;;819006565
;;819005887
;;901706579
;;819003176
;;900849322
;;819002416
;;900004187
;;819001989
;;819000002
;;819006517
;;819006060
;;901069886
;;891780115
;;819002409
;;900238537
;;819002510
;;800007206
;;900279639
;;819006033
;;819000497
;;800193408
;;819004988
;;900236926
;;900029540
;;819002978
;;900243221
;;900245620
;;819006385
;;900279639
;;900623122
;;800018863
;;900081584
;;819004844
;;819003029
;;819003069
;;801004666
;;890000594
;;801003926
;;801004664
;;890002054
;;801003931
;;800058603
;;800043820
;;800012743
;;801003965
;;800016136
;;801004657
;;801003927
;;801003914
;;800171497
;;900005046
;;900002878
;;890003889
;;801004663
;;800186769
;;801003964
;;801004678
;;801003966
;;801004658
;;900231975
;;801004646
;;900075915
;;829000791
;;829000548
;;829000456
;;829000608
;;890270004
;;800043472
;;800036029
;;800016064
;;800034438
;;829000293
;;829002450
;;829003367
;;890270382
;;900112222
;;829000731
;;800027263
;;829003110
;;829004051
;;829000844
;;811038158
;;811043220
;;811033203
;;811019484
;;811020518
;;811022994
;;811019156
;;900000238
;;811041122
;;811038177
;;811019347
;;900586929
;;811038194
;;811022616
;;811013756
;;811022976
;;811026346
;;811039779
;;811029563
;;811040341
;;811017493
;;811037776
;;811029276
;;811043526
;;811025664
;;811010025
;;811038442
;;811038220
;;811018422
;;811039481
;;811008893
;;901002053
;;811042690
;;811019948
;;900613251
;;811020045
;;811017374
;;811017837
;;890201286
;;890205792
;;890212309
;;890201212
;;800005349
;;800249796
;;804003902
;;804005058
;;804003904
;;804003766
;;804002583
;;804003930
;;804011722
;;804002642
;;800254691
;;890210216
;;890203882
;;804003944
;;890201610
;;804001792
;;804006529
;;804005035
;;804015348
;;804001555
;;804000048
;;804001456
;;800157653
;;800209748
;;900020605
;;804006675
;;804010823
;;800092116
;;900020615
;;900272394
;;900415995
;;804017889
;;804006104
;;804006409
;;804006430
;;835000703
;;835000850
;;835001703
;;835000578
;;835000308
;;890399362
;;835000292
;;890307051
;;890399037
;;835000547
;;900760585
;;835000586
;;835000505
;;800026939
;;800181675
;;800223133
;;835001820
;;835001823
;;835000496
;;835000659
;;901476542
;;835001644
;;835001132
;;835001100
;;835001976
;;835001767
;;835001819
;;900196800
;;835001800
;;835001816
;;835001793
;;835001857
;;835001699
;;835001711
;;835001922
;;835000860
;;835001866
;;900746395
;;835001089
;;835001930
;;900257135
;;891380072
;;815002305
;;815001247
;;815004393
;;815004417
;;815004416
;;815004356
;;815004366
;;815004462
;;815004491
;;815000563
;;815003149
;;815002993
;;815005230
;;800102519
;;800200618
;;800108931
;;800250015
;;800168332
;;800113285
;;805026269
;;800212539
;;805026755
;;805002051
;;800094786
;;805025854
;;800228120
;;800097814
;;800175507
;;800099769
;;800163228
;;805009781
;;805027095
;;805026271
;;805009497
;;805009385
;;805026204
;;805009457
;;805009520
;;805009185
;;805009441
;;805009779
;;800243065
;;800132742
;;805003700
;;800095764
;;800180539
;;800177348
;;805001471
;;800104396
;;800139477
;;890308838
;;800096162
;;800212580
;;805028244
;;805026670
;;805026272
;;890312254
;;800127391
;;800183798
;;800175490
;;805009658
;;805025806
;;800192058
;;805028735
;;890326969
;;800194534
;;805026515
;;805025499
;;805027096
;;805027059
;;805009326
;;805009606
;;805027641
;;805009504
;;805026722
;;805009697
;;805009344
;;805001261
;;800249568
;;800177500
;;800097725
;;805009275
;;805008886
;;805008343
;;800243446
;;805016404
;;805009471
;;800025227
;;805025937
;;900452278
;;901355611
;;805026933
;;805027378
;;805010111
;;805027292
;;805025610
;;805026936
;;805030389
;;805025963
;;805028851
;;805027344
;;805009883
;;805025549
;;805009466
;;805028721
;;891901021
;;891901023
;;891901024
;;836000210
;;901132688
;;836000190
;;836000201
;;891901020
;;836000050
;;836000146
;;800175516
;;800034326
;;819007099
;;819003046
;;819005191
;;819002071
;;891780163
;;800076393
;;819002164
;;819002303
;;900205654
;;819001158
;;900599451
;;819000481
;;819002412
;;900112062
;;900604466
;;819000481
;;800160871
;;900033070
;;819006312
;;819001313
;;900306324
;;900599451
;;900033070
;;819002132
;;890501113
;;900068461
;;890501143
;;890501324
;;900010275
;;890501394
;;890505161
;;807001044
;;890506425
;;890502775
;;807002171
;;890504999
;;807001474
;;890503221
;;807000232
;;807007191
;;807009550
;;807007504
;;800125192
;;900041241
;;900001618
;;807002615
;;890504777
;;807006792
;;807002663
;;900090552
;;800115569
;;800155837
;;800122019
;;800188261
;;807000367
;;800181183
;;800189314
;;807001423
;;807000184
;;807000831
;;807000645
;;807000499
;;807000313
;;807002040
;;807001561
;;807005239
;;900024534
;;800170415
;;900152381
;;900227645
;;807000325
;;900233728
;;900149826
;;890503430
;;807000210
;;807001601
;;800241163
;;901232370
;;816000739
;;891401848
;;800032259
;;891411901
;;891401243
;;891401505
;;816000891
;;900028888
;;816000830
;;891412084
;;816000514
;;816003264
;;800150670
;;816002678
;;900608292
;;901131951
;;816006408
;;900569306
;;900070600
;;891412208
;;900332496
;;891855144
;;891856167
;;800157114
;;900137396
;;800204994
;;826003453
;;826003343
;;826003673
;;900135193
;;826003386
;;891855618
;;800053942
;;826001182
;;811017376
;;901201697
;;811022395
;;811043134
;;811019968
;;900998168
;;811017824
;;811017539
;;811038321
;;811018145
;;800256833
;;811031339
;;901049939
;;811037992
;;828000040
;;828000276
;;900285356
;;828001618
;;901149191
;;828000218
;;828000298
;;891180106
;;891180103
;;900009397
;;891180107
;;800106989
;;891190319
;;800008556
;;828002426
;;828000208
;;891190239
;;800227992
;;828002097
;;828000767
;;900027004
;;900027708
;;900025907
;;900022567
;;800045645
;;828001584
;;804002818
;;804005153
;;804003820
;;804005072
;;804001475
;;890212292
;;890207620
;;804004901
;;804005073
;;800196806
;;800231800
;;800144886
;;800220086
;;804017413
;;804000188
;;900118017
;;890680048
;;890680054
;;890680335
;;808000332
;;808001150
;;808000766
;;900005732
;;808000852
;;900481241
;;808001257
;;808000563
;;808000851
;;890680017
;;890680019
;;808001340
;;900520731
;;808000288
;;800027580
;;808003282
;;890680240
;;901236966
;;800005547
;;890208262
;;800062600
;;800228813
;;901236794
;;804005438
;;901236129
;;804014617
;;901007081
;;900314083
;;804009377
;;900440766
;;900299027
;;900055257
;;804005424
;;890700684
;;890703970
;;800018761
;;890703658
;;890701795
;;800093734
;;890706831
;;809001576
;;809000419
;;809012621
;;809002781
;;800180127
;;809007307
;;809001097
;;809005992
;;809009355
;;890703649
;;890705373
;;800060302
;;800255730
;;890706752
;;809000010
;;800068506
;;890706280
;;890706849
;;800005425
;;890706603
;;890706260
;;809001503
;;809004589
;;800254865
;;809000090
;;809001106
;;809003024
;;809000260
;;809001098
;;900262481
;;809006041
;;809006555
;;809005293
;;809004932
;;809007194
;;809009518
;;890706909
;;809003472
;;890704355
;;809011400
;;809002791
;;809011608
;;890707026
;;809002779
;;809011406
;;809003050
;;900044907
;;809001987
;;809012726
;;811023320
;;811039369
;;811021913
;;811010745
;;811017581
;;811022032
;;811017583
;;811037752
;;811036608
;;811017036
;;811030103
;;811039348
;;811039370
;;811017593
;;811039278
;;811017209
;;811039277
;;811018376
;;811017582
;;811019702
;;900959924
;;811019778
;;811040619
;;811021159
;;812004065
;;812002108
;;812002094
;;812003219
;;812003091
;;812007673
;;812006125
;;812006065
;;900098046
;;812005999
;;812006059
;;812006648
;;812006130
;;812006256
;;812006021
;;812003051
;;812006060
;;812006017
;;812006071
;;812001818
;;812006104
;;812006085
;;900172054
;;812004893
;;812006036
;;812006187
;;812006056
;;812003261
;;812006084
;;812006076
;;812003040
;;806013825
;;806003607
;;806013824
;;806008501
;;806003634
;;806013679
;;806003713
;;806013680
;;806013978
;;806013865
;;806013441
;;806013530
;;800088031
;;800181494
;;806013661
;;806014040
;;900072354
;;806011270
;;806013718
;;806013574
;;900816026
;;839000605
;;800176398
;;839000714
;;839000139
;;839000154
;;839000161
;;839000864
;;839000150
;;900007970
;;892120019
;;839000903
;;839000865
;;892120103
;;839000861
;;900415749
;;839000558
;;900615779
;;839000862
;;839000491
;;900007459
;;900006742
;;839000100
;;839000863
;;900006745
;;839000866
;;839000144
;;810005578
;;890802596
;;800027784
;;810005648
;;890803154
;;810002040
;;810001464
;;890801313
;;900070015
;;800112968
;;800028590
;;810001980
;;890807637
;;890801392
;;810003071
;;810005295
;;890802079
;;890802548
;;890805978
;;800021571
;;890807582
;;890802155
;;800184324
;;900229008
;;810001532
;;810003516
;;810001863
;;810002607
;;810001533
;;810004148
;;800102084
;;800050425
;;890805009
;;890804116
;;890805037
;;901232478
;;810002052
;;810002769
;;890800939
;;810002043
;;810002807
;;800006480
;;810002767
;;800187879
;;810002281
;;800088861
;;890807930
;;800033161
;;811020962
;;811017900
;;811017377
;;811045489
;;811019503
;;811018352
;;811040150
;;811017835
;;811039153
;;811017538
;;811017366
;;811017505
;;811040190
;;811017766
;;890980168
;;811039431
;;811018855
;;811017718
;;811019723
;;811018722
;;811017215
;;811040138
;;811017315
;;811017314
;;900218633
;;811014433
;;811016998
;;811018314
;;811040079
;;811016950
;;811039252
;;890985135
;;811018723
;;811017307
;;811015293
;;900707080
;;890980706
;;811030435
;;811039606
;;811026976
;;900419075
;;811040191
;;811014080
;;811016955
;;811023680
;;811039014
;;811040151
;;890980116
;;811018169
;;811040275
;;811020856
;;811025548
;;811039270
;;811018514
;;811017359
;;811017496
;;811017152
;;811034828
;;811039065
;;811016885
;;811018721
;;811045448
;;811021822
;;890981415
;;811018854
;;811018519
;;811017316
;;811016864
;;811017291
;;811024436
;;811029006
;;811021052
;;811021435
;;811018764
;;811020786
;;811017604
;;900412664
;;811020369
;;811018101
;;811020435
;;811026814
;;811039002
;;811019802
;;811019890
;;811019634
;;811031045
;;900585184
;;811019065
;;811034110
;;811018564
;;811017345
;;811022003
;;811017999
;;811021956
;;811029728
;;811040303
;;811035928
;;811040452
;;811021944
;;811013474
;;811022459
;;811017537
;;811031904
;;811021783
;;811038688
;;811019074
;;890983782
;;811020638
;;811019729
;;811018413
;;811019735
;;811019064
;;811045207
;;811019157
;;811017265
;;811017223
;;811018372
;;811018599
;;811019724
;;811018695
;;811021005
;;900709106
;;811017293
;;811039212
;;811026293
;;811019727
;;811020229
;;811042439
;;811019800
;;811022317
;;811017053
;;811018891
;;811018233
;;811019071
;;811017317
;;811021743
;;811018066
;;811028888
;;811020170
;;811015194
;;811019153
;;811017744
;;811039191
;;811039246
;;811017266
;;811040167
;;900413904
;;811019733
;;811024770
;;811018651
;;811038559
;;811017875
;;811019616
;;811039630
;;811040184
;;811018049
;;811040162
;;811039001
;;811018892
;;811019139
;;811020911
;;811017615
;;811019000
;;811019899
;;811039274
;;811039265
;;900196642
;;811040137
;;811018890
;;900195133
;;900229084
;;900339251
;;900343358
;;900411862
;;900414712
;;900705111
;;900705033
;;900817827
;;901159880
;;900932971
;;900935808
;;901050221
;;901048423
;;901049924
;;901050539
;;901046877
;;901048040
;;901051510
;;901049755
;;900703219
;;811026294
;;811013378
;;811035850
;;811023160
;;811040863
;;811026458
;;811035821
;;811017472
;;811037905
;;811035840
;;811030637
;;811040224
;;811027312
;;811035941
;;811017836
;;811020971
;;811030068
;;811023556
;;811035980
;;811017858
;;811022893
;;901049658
;;901047614
;;901049991
;;811027248
;;811022161
;;811040136
;;811016855
;;811018605
;;811018664
;;811042295
;;900344402
;;812001603
;;812002135
;;812000552
;;812001822
;;812001951
;;812001964
;;900004711
;;812002173
;;812001705
;;800170307
;;800193795
;;891000782
;;800175499
;;891000885
;;812002223
;;812001994
;;812000635
;;812002193
;;812002061
;;812002201
;;812001941
;;812002017
;;812002200
;;812001085
;;812003099
;;812002018
;;900052480
;;900185716
;;901048820
;;900128991
;;900005462
;;900005008
;;900004708
;;900004702
;;812003022
;;900014059
;;900052478
;;812004354
;;900110983
;;900008218
;;812005370
;;900077480
;;900283557
;;812007900
;;812004894
;;900082590
;;900129463
;;900129742
;;812000416
;;812003023
;;812007342
;;812002397
;;900133138
;;812002798
;;812006598
;;812002154
;;812008180
;;812003614
;;900066837
;;812007746
;;891180005
;;800092907
;;891180032
;;891180020
;;891180016
;;891102218
;;813003170
;;813011533
;;813004119
;;813003622
;;813001633
;;891180264
;;813006524
;;891102755
;;891100818
;;813002693
;;891103476
;;891104948
;;800011365
;;800158402
;;813003233
;;813004415
;;813002684
;;813004241
;;813002882
;;813003567
;;900763495
;;813001766
;;813004643
;;800149360
;;813011531
;;813007413
;;800243391
;;813012462
;;800228413
;;800122676
;;815004675
;;815004305
;;815004298
;;815004303
;;815004943
;;815004297
;;815004332
;;815000989
;;815004730
;;815004506
;;815001098
;;815004334
;;815004333
;;815004306
;;815004532
;;815004342
;;815004746
;;900000512
;;815004351
;;815004288
;;900001321
;;815004488
;;800015327
;;815001980
;;815004247
;;815001612
;;815004834
;;814006505
;;814006334
;;800092592
;;800168203
;;891224703
;;800079467
;;814001615
;;814000340
;;891200688
;;800115970
;;891224071
;;891224284
;;800009921
;;800209233
;;900000585
;;814001128
;;900000876
;;814006542
;;814006378
;;814006513
;;814006569
;;800181707
;;814001579
;;891201273
;;814000644
;;814001370
;;814001691
;;814002393
;;814002486
;;814001331
;;891201759
;;800206349
;;814006536
;;800024902
;;891224079
;;814006512
;;814000786
;;800243172
;;800060022
;;800181694
;;800178980
;;816001501
;;891412730
;;816002032
;;816002347
;;900006917
;;816000231
;;816004731
;;816001860
;;816001984
;;891480061
;;891408302
;;891401097
;;891411829
;;891400757
;;816001230
;;816001837
;;816000910
;;816004331
;;800082378
;;891480088
;;816001232
;;816000699
;;891480070
;;891401480
;;816003905
;;816002832
;;891411813
;;816003396
;;816006339
;;891411960
;;800188462
;;800161467
;;800219939
;;816006283
;;900006897
;;816006215
;;891480091
;;816002838
;;816005849
;;816001632
;;816007244
;;816001947
;;891408480
;;900003142
;;816003212
;;816002971
;;891411831
;;816006428
;;816003156
;;816002930
;;816004312
;;816003965
;;816004819
;;816003420
;;891408309
;;800051469
;;816006205
;;816007239
;;816007166
;;816001296
;;891412182
;;816006192
;;816000862
;;816002999
;;816006409
;;816006284
;;891500760
;;891500481
;;800046335
;;817001924
;;891500762
;;891500375
;;817002124
;;817007476
;;817001799
;;891500773
;;817001846
;;817001400
;;817001928
;;800247992
;;817001805
;;817001816
;;817002149
;;817003509
;;817001853
;;817003464
;;800137367
;;817002520
;;817001767
;;817005319
;;817005022
;;900000912
;;817004311
;;817005077
;;817005586
;;800215070
;;901615105
;;900454573
;;901458898
;;800251115
;;812001569
;;800176268
;;800176275
;;812001929
;;812002032
;;812007284
;;812007977
;;812008415
;;812008168
;;812003058
;;812008061
;;812007362
;;900052256
;;812004660
;;812002966
;;900018003
;;812007305
;;812003657
;;900074942
;;812008181
;;812008445
;;800178036
;;812002279
;;900054170
;;823000487
;;823002928
;;892200156
;;823000805
;;892201067
;;892280020
;;823000483
;;901534493
;;823001068
;;823000976
;;823000392
;;892200686
;;892280030
;;892200737
;;823001048
;;823004897
;;823000747
;;823001921
;;823003631
;;823000768
;;823001016
;;823003938
;;823003969
;;901051309
;;823001142
;;823003457
;;823002354
;;823004139
;;823002357
;;823001509
;;823003479
;;823000386
;;823003464
;;823000707
;;823002605
;;832002830
;;832008512
;;832002383
;;832002768
;;832002443
;;899999334
;;832002034
;;832002619
;;832004271
;;832003622
;;832002394
;;832002911
;;832004316
;;832002644
;;832002055
;;800154104
;;832002393
;;832000911
;;901359779
;;901364222
;;901274034
;;901272484
;;901451420
;;832002888
;;860509887
;;832002706
;;891855041
;;826001118
;;826002721
;;826000350
;;826000091
;;891800307
;;800092127
;;800227863
;;826001101
;;826001132
;;826003777
;;826001213
;;826003746
;;826003750
;;891855310
;;800108364
;;890103051
;;890107378
;;890103217
;;890103008
;;890103028
;;802002042
;;802004896
;;802002321
;;802005379
;;802003798
;;802004298
;;802003789
;;802003453
;;802003907
;;802004082
;;802003364
;;802002911
;;890103027
;;802002963
;;802004051
;;802004479
;;802002043
;;802005167
;;802011734
;;900137504
;;900213587
;;901089263
;;901275339
;;802004372
;;800251680
;;802019228
;;891900286
;;891900324
;;891900649
;;821000786
;;821000816
;;821003190
;;800151781
;;821000110
;;821000007
;;821000123
;;900002926
;;821003387
;;900053997
;;900000649
;;821003268
;;891903387
;;900052973
;;800230242
;;840000174
;;840000975
;;840000167
;;840000320
;;840000008
;;840000554
;;840000181
;;840000163
;;840000177
;;800128809
;;840000185
;;840000148
;;901071020
;;840000174
;;900957153
;;840000319
;;840000291
;;800211493
;;800211493
;;901087131
;;900035683
;;840000291
;;840000291
;;900035683
;;840000565
;;900035683
;;840001021
;;840000319
;;900957153
;;840000331
;;800211493
;;840001021
;;800107672
;;900035683
;;800211493
;;840001070
;;901087131
;;840000291
;;800087079
;;840001070
;;800211493
;;840001040
;;900035683
;;800128809
;;900957153
;;800107672
;;840000331
;;901177756
;;840000261
;;800087079
;;900035683
;;840000286
;;901177756
;;900600294
;;900600294
;;840001058
;;900600294
;;900600294
;;900600294
;;900600294
;;891800493
;;800077159
;;891800470
;;820004402
;;800067231
;;800128291
;;820001994
;;820000274
;;820004403
;;900075948
;;820001460
;;841000532
;;841000517
;;900582286
;;841000516
;;841000512
;;841000530
;;841000523
;;841000615
;;841000613
;;841000544
;;900336684
;;841000514
;;841000518
;;841000531
;;841000510
;;841000609
;;900372883
;;900373842
;;841000612
;;900582270
;;841000542
;;841000614
;;841000541
;;841000537
;;841000471
;;841000602
;;841000555
;;841000515
;;900036149
;;841000547
;;841000539
;;841000538
;;900144464
;;900298474
;;841000584
;;900581960
;;800090099
;;892300448
;;892399992
;;824001794
;;824001563
;;892300284
;;824001553
;;800228559
;;892300306
;;824000934
;;824000655
;;824002257
;;824000865
;;824005186
;;800196800
;;824000411
;;824001487
;;824001438
;;824001705
;;824001517
;;800031434
;;824001602
;;901048761
;;901153473
;;824001111
;;900002953
;;800045947
;;800174015
;;824000137
;;800178375
;;800169983
;;824002095
;;824000809
;;800028705
;;900176207
;;824002606
;;800114319
;;824000707
;;900381210
;;900174932
;;800018809
;;822001021
;;822000488
;;892099414
;;822002467
;;822000939
;;800005883
;;822000520
;;892099128
;;892000234
;;892000082
;;892099144
;;822000470
;;892099132
;;822001536
;;892099286
;;892099460
;;822000543
;;800025142
;;822001796
;;800218712
;;800219200
;;822001702
;;901595115
;;822001951
;;800126116
;;822002014
;;800153757
;;800191624
;;822002008
;;800193975
;;800190618
;;822001923
;;800107306
;;900826511
;;900920721
;;901462304
;;901464437
;;800255013
;;822002600
;;822001082
;;822004409
;;822001517
;;822001068
;;822003892
;;892099508
;;822006086
;;800235739
;;800188250
;;800085991
;;838000047
;;838000047
;;838000271
;;838000271
;;838000271
;;838000271
;;838000271
;;838000271
;;838000271
;;838000271
;;838000271
;;838000271
;;838000271
;;838000271
;;838000271
;;838000271
;;838000284
;;838000284
;;838000284
;;838000284
;;838000271
;;838000284
;;838000284
;;838000284
;;838000284
;;838000284
;;838000284
;;838000271
;;838000047
;;838000047
;;900394212
;;900394212
;;900394212
;;900394212
;;900394212
;;900394212
;;900394212
;;900394212
;;900394212
;;900394212
;;900394212
;;843000045
;;843000045
;;843000018
;;843000018
;;843000018
;;843000018
;;843000018
;;900220813
;;900268518
;;900009099
;;800097490
;;900209994
;;900164572
;;800098071
;;818000302
;;900174689
;;891600101
;;818000284
;;800166994
;;818000671
;;900837928
;;900261355
;;818002082
;;818000274
;;900315928
;;900257005
;;900317279
;;900199073
;;800152758
;;900315955
;;900281347
;;891680205
;;900220680
;;900233637
;;800070715
;;825000421
;;825002673
;;900397838
;;900037240
;;825002077
;;825003209
;;900444977
;;825003265
;;825003197
;;900020123
;;900446449
;;900445000
;;900419687
;;900396595
;;900380621
;;900444681
;;901461862
;;901358805
;;901174623
;;901462983
;;900419687
;;901173362
;;901167840
;;901358797
;;901358809
;;901459681
;;901490251
;;825000421
;;900446457
;;901360521
;;901462377
;;901459792
;;901461345
;;901459792
;;811023253
;;811021310
;;900591681
;;811027549
;;811039629
;;811020806
;;811022438
;;900718721
;;811025741
;;811021311
;;900838180
;;901034504
;;811039097
;;811027109
;;900334649
;;811043259
;;900247418
;;900248409
;;811024298
;;811022437
;;900424328
;;832002064
;;800099708
;;899999132
;;832003224
;;832002082
;;832006418
;;832002400
;;832004007
;;832005137
;;860029158
;;800058047
;;825000393
;;825000242
;;825000446
;;892100045
;;825002161
;;825001850
;;892115351
;;825000890
;;825000386
;;825000650
;;825003179
;;800036063
;;825003153
;;892115090
;;900005634
;;825003168
;;825000052
;;825003176
;;800237007
;;825003146
;;800244505
;;825003192
;;900463134
;;900458351
;;825003178
;;825003177
;;900465565
;;900461694
;;900475683
;;900464836
;;900461549
;;900459315
;;900458296
;;900477987
;;901492349
;;892100040
;;900478087
;;901273694
;;901305865
;;811041393
;;811015684
;;811018193
;;890980524
;;811018192
;;811019573
;;811020736
;;811018761
;;811021464
;;811018709
;;811020153
;;811019245
;;811021101
;;811019301
;;811020415
;;811020134
;;900576264
;;800193355
;;832003903
;;832004414
;;832004419
;;832005895
;;832005896
;;832005922
;;832005913
;;900027848
;;832004421
;;832006088
;;891200201
;;891200360
;;837000935
;;837000199
;;837000212
;;800171453
;;800214580
;;837000197
;;900169816
;;837000808
;;800208581
;;837000357
;;837000643
;;900837398
;;891224354
;;800208581
;;837000018
;;837000436
;;846003583
;;846003583
;;800254779
;;890306586
;;805011696
;;805013410
;;805027973
;;805027092
;;901375277
;;900005109
;;800029321
;;805016602
;;805000057
;;805011810
;;900063726
;;805013498
;;805013479
;;805018753
;;805021344
;;805022382
;;802004490
;;802006959
;;802006311
;;802006958
;;890103848
;;802007346
;;802011172
;;802006924
;;802005854
;;802020857
;;802020717
;;900005206
;;802010611
;;832002686
;;899999105
;;832005423
;;832007049
;;900132830
;;900900742
;;804016809
;;804007705
;;804003667
;;890205599
;;800095277
;;800169769
;;804003792
;;800218521
;;804007417
;;804017444
;;804017335
;;804004096
;;804017328
;;804016468
;;804016467
;;804017443
;;804012617
;;891180146
;;891180115
;;813011092
;;813013754
;;813013613
;;891180208
;;813007249
;;813007389
;;813007372
;;813007394
;;813013255
;;813007251
;;900095982
;;813013407
;;900776686
;;891103910
;;811019757
;;811019263
;;811017572
;;811028570
;;811033835
;;811019761
;;811019764
;;811019759
;;832000724
;;844000098
;;844000502
;;844000601
;;844000818
;;844000865
;;844001450
;;844001550
;;844001746
;;844002296
;;844002298
;;844002440
;;844003177
;;844003248
;;844003490
;;844003616
;;844004109
;;844004799
;;844004959
;;891855098
;;900152645
;;900261948
;;900266853
;;900607903
;;832002561
;;860030389
;;832004871
;;800170903
;;832004884
;;832003189
;;832003550
;;832010885
;;832005393
;;832009102
;;800205825
;;805023700
;;805009827
;;805009886
;;805009830
;;800039277
;;805028321
;;900929993
;;805011605
;;805014041
;;805010861
;;805021853
;;805010862
;;800111386
;;832002009
;;900436931
;;832005322
;;811017283
;;811019600
;;811041259
;;811038067
